sheet_row,section,de,name,remark,source_column,status,suggested_column,confidence,area,reason,current_row_line
618,Wäärwe än latj krååm,Süderende,Söleraanj,fering,Oudere noome,deleted_variant,fering,high,fering,"remark ""fering""; å/ä/ö/ü→Mooring; long-vowel doubling; area from OSM name lookup",587
467,"Hålie, ailönje än sönje",Oland,Ualöön,Hålifrasch,Oudere noome,lost_by_script,hallig,high,hallig,"drop_older_column.py: dropped as an alternative Mooring spelling; remark ""Hålifrasch""; å/ä/ö/ü→Mooring; oa/ea/ia→Halunder/Hallig/Fering; area from OSM name lookup",444
472,"Hålie, ailönje än sönje",Buhtwehl,Butweel,Hålifrasch,Oudere noome,lost_by_script,hallig,high,hallig,"drop_older_column.py: dropped as an alternative Mooring spelling; remark ""Hålifrasch""; long-vowel doubling; area from neighbouring rows",449
505,Wäärwe än latj krååm,Honkenswarf,Honkensweerw,,Oudere noome,deleted_variant,hallig,high,hallig,place lies in the hallig area; -weerw/-weerf→Hallig/Harde; long-vowel doubling; area from OSM match,477
506,Wäärwe än latj krååm,Hunnenswarf,Hunensweerw,,Oudere noome,deleted_variant,hallig,high,hallig,place lies in the hallig area; -weerw/-weerf→Hallig/Harde; long-vowel doubling; area from OSM match,478
507,Wäärwe än latj krååm,Ketelswarf,Käädelsweerw,Halifreesk,Oudere noome,deleted_variant,hallig,high,hallig,"remark ""Halifreesk""; -weerw/-weerf→Hallig/Harde; å/ä/ö/ü→Mooring; long-vowel doubling; area from OSM match",479
508,Wäärwe än latj krååm,Neuwarf,Naiweerw,,Oudere noome,deleted_variant,hallig,high,hallig,place lies in the hallig area; -weerw/-weerf→Hallig/Harde; long-vowel doubling; area from OSM match,480
510,Wäärwe än latj krååm,Kirchwarft,Schorkeweerw,,Oudere noome,deleted_variant,hallig,high,hallig,place lies in the hallig area; -weerw/-weerf→Hallig/Harde; long-vowel doubling; area from hint Langeness,482
510,Wäärwe än latj krååm,Kirchwarft,Nees-Schorkeweerw,,Oudere noome,lost_by_script,hallig,high,hallig,drop_older_column.py: dropped as an alternative Mooring spelling; place lies in the hallig area; -weerw/-weerf→Hallig/Harde; long-vowel doubling; area from hint Langeness,482
512,Wäärwe än latj krååm,Christianswarf,Kruschensweerw,,Oudere noome,deleted_variant,hallig,high,hallig,place lies in the hallig area; -weerw/-weerf→Hallig/Harde; long-vowel doubling; area from OSM match,484
513,Wäärwe än latj krååm,Tamenswarf,Tamensweerw,,Oudere noome,deleted_variant,hallig,high,hallig,place lies in the hallig area; -weerw/-weerf→Hallig/Harde; long-vowel doubling; area from OSM match,485
514,Wäärwe än latj krååm,Halgehus,Haolgeweerw,Halifreesk,Oudere noome,lost_by_script,hallig,high,hallig,"drop_older_column.py: dropped as an alternative Mooring spelling; remark ""Halifreesk""; -weerw/-weerf→Hallig/Harde; long-vowel doubling; area from neighbouring rows",486
515,Wäärwe än latj krååm,Rixwarf,Raksweerw,Halifreesk,Oudere noome,deleted_variant,hallig,high,hallig,"remark ""Halifreesk""; -weerw/-weerf→Hallig/Harde; long-vowel doubling; area from OSM match",487
517,Wäärwe än latj krååm,Mayenswarft,Moiensweerw,,Oudere noome,deleted_variant,hallig,high,hallig,place lies in the hallig area; -weerw/-weerf→Hallig/Harde; long-vowel doubling; area from neighbouring rows,489
523,Wäärwe än latj krååm,Nordwarft,Noordweerw,,Oudere noome,deleted_row,nordgoes,high,nordgoes,duplicate sheet row; the list keeps line 541; place lies in the hallig area; -weerw/-weerf→Hallig/Harde; long-vowel doubling; area from OSM match,541
555,Wäärwe än latj krååm,Ockenswarf,Okensweerf,,Oudere noome,lost_by_script,hallig,high,hallig,drop_older_column.py: dropped as an alternative Mooring spelling; place lies in the hallig area; -weerw/-weerf→Hallig/Harde; long-vowel doubling; area from hint Hooge,526
558,Wäärwe än latj krååm,Ockelützwarft,Okelutsweerf,,Oudere noome,deleted_variant,hallig,high,hallig,place lies in the hallig area; -weerw/-weerf→Hallig/Harde; long-vowel doubling; area from OSM match,529
559,Wäärwe än latj krååm,Volkertswarft,Folkertsweerf,,Oudere noome,deleted_variant,hallig,high,hallig,place lies in the hallig area; -weerw/-weerf→Hallig/Harde; long-vowel doubling; area from OSM match,530
560,Wäärwe än latj krååm,Westerwarft,Wästerweerf,,Oudere noome,deleted_variant,hallig,high,hallig,place lies in the hallig area; -weerw/-weerf→Hallig/Harde; å/ä/ö/ü→Mooring; long-vowel doubling; area from OSM match,531
561,Wäärwe än latj krååm,Lorenzwarft,Lorensweerf,,Oudere noome,deleted_variant,hallig,high,hallig,place lies in the hallig area; -weerw/-weerf→Hallig/Harde; long-vowel doubling; area from OSM match,532
597,Wäärwe än latj krååm,Norderwarft,Noorderweerf,,Oudere noome,deleted_variant,hallig,high,hallig,place lies in the hallig area; -weerw/-weerf→Hallig/Harde; long-vowel doubling; area from OSM match,566
797,Wååder,Elbe,di Ialew,halifreesk,Oudere noome,lost_by_script,hallig,high,unknown,"drop_older_column.py: dropped as an alternative Mooring spelling; remark ""halifreesk""; oa/ea/ia→Halunder/Hallig/Fering",758
471,"Hålie, ailönje än sönje",Nordmarsch,de Meersk,,Oudere noome,lost_by_script,hallig,medium,hallig,drop_older_column.py: dropped as an alternative Mooring spelling; place lies in the hallig area; article de→Hallig/Fering; long-vowel doubling; area from neighbouring rows,448
504,Wäärwe än latj krååm,Peterhaitzwarf,Paderhoitsweerw,,Mooring,deleted_variant,hallig,medium,hallig,place lies in the hallig area; -wäärw→Mooring; å/ä/ö/ü→Mooring; area from OSM match,476
514,Wäärwe än latj krååm,Halgehus,e Holge,Hålge,Mooring,deleted_variant,mooring,medium,mooring,"remark ""Hålge""; place lies in the hallig area; article e→Mooring; area from neighbouring rows",486
516,Wäärwe än latj krååm,Hilligenley,Hiangelaisweerw,Halifreesk,Oudere noome,deleted_variant,hallig,medium,hallig,"remark ""Halifreesk""; the hallig column already holds ""Hiangelai"" -- this would be a further variant; -weerw/-weerf→Hallig/Harde; long-vowel doubling; oa/ea/ia→Halunder/Hallig/Fering; area from OSM match",488
518,Wäärwe än latj krååm,Kirchhofswarf,Schorkeweerw,,Oudere noome,deleted_variant,hallig,medium,hallig,"place lies in the hallig area; the hallig column already holds ""Meersk-Schorkeweerw""; -weerw/-weerf→Hallig/Harde; long-vowel doubling; area from OSM match",490
536,Wäärwe än latj krååm,Bollhaus,Bolhus,halifreesk,Oudere noome,deleted_variant,hallig,medium,mooring,"remark ""halifreesk""; note: the area lookup says mooring; area from OSM match",506
478,"Hålie, ailönje än sönje",Lütt Moor; Nordstrandischmoor,Lidj Möör,,Oudere noome,deleted_variant,hallig,low,hallig,"place lies in the hallig area; the hallig column already holds ""Lidj Muur""; å/ä/ö/ü→Mooring; long-vowel doubling; area from OSM match",455
480,"Hålie, ailönje än sönje",Süderoog,Saaruuch,,Oudere noome,deleted_variant,hallig,low,hallig,"place lies in the hallig area; the hallig column already holds ""Saruug""; long-vowel doubling; area from OSM match",457
481,"Hålie, ailönje än sönje",Südfall,Süürfåål,,Oudere noome,deleted_variant,suedgoes,low,hallig,"place lies in the hallig area; the hallig column already holds ""Sufaol""; å/ä/ö/ü→Mooring; area from OSM match",458
617,Wäärwe än latj krååm,Süderdeich,Sürdik,Kårhiirdinge,Oudere noome,deleted_variant,karrhard,high,nordgoes,"remark ""Kårhiirdinge""; note: the area lookup says nordgoes (unproven); å/ä/ö/ü→Mooring; area from OSM name lookup",586
100,Steeden än doorpe (implicit),Gaarde,Guarde,,Oudere noome,lost_by_script,karrhard,medium,karrhard,drop_older_column.py: dropped as an alternative Mooring spelling; place lies in the karrhard area and the form is not the Mooring one; oa/ea/ia→Halunder/Hallig/Fering; area from OSM match,102
114,Steeden än doorpe (implicit),Lütjenhorn,Lätjenhoarn,,Oudere noome,lost_by_script,karrhard,medium,karrhard,drop_older_column.py: dropped as an alternative Mooring spelling; place lies in the karrhard area and the form is not the Mooring one; oa/ea/ia→Halunder/Hallig/Fering; area from OSM match,116
684,Wäärwe än latj krååm,Rantzauhöhe,Wiarkshuuch,,Oudere noome,deleted_variant,karrhard,medium,karrhard,place lies in the karrhard area and the form is not the Mooring one; long-vowel doubling; oa/ea/ia→Halunder/Hallig/Fering; area from OSM name lookup,653
89,Steeden än doorpe (implicit),Klixbüll,Kläksbel,Kårhiirdinge,Oudere noome,deleted_variant,karrhard,medium,karrhard,"remark ""Kårhiirdinge""; the karrhard column already holds ""Kläsbel"" -- this would be a further variant; å/ä/ö/ü→Mooring; area from OSM match",91
107,Steeden än doorpe (implicit),Engerheide,de Hii,,Oudere noome,lost_by_script,karrhard,low,karrhard,drop_older_column.py: dropped as an alternative Mooring spelling; place lies in the karrhard area; form could be the local Harde spelling; article de→Hallig/Fering; long-vowel doubling; area from neighbouring rows,109
111,Steeden än doorpe (implicit),Stadum,Ståårem,,Oudere noome,lost_by_script,karrhard,low,karrhard,drop_older_column.py: dropped as an alternative Mooring spelling; place lies in the karrhard area; form could be the local Harde spelling; å/ä/ö/ü→Mooring; area from OSM match,113
118,Steeden än doorpe (implicit),Braderup,Braarep,,Oudere noome,lost_by_script,karrhard,low,karrhard,drop_older_column.py: dropped as an alternative Mooring spelling; place lies in the karrhard area; form could be the local Harde spelling; long-vowel doubling; area from OSM match,120
24,Steeden än doorpe (implicit),Süderlügum,Leegem,,Oudere noome,lost_by_script,karrhard,low,karrhard,drop_older_column.py: dropped as an alternative Mooring spelling; place lies in the karrhard area; form could be the local Harde spelling; long-vowel doubling; area from OSM match,24
26,Steeden än doorpe (implicit),Gellsbüll,Grälsbel,,Oudere noome,lost_by_script,karrhard,low,karrhard,drop_older_column.py: dropped as an alternative Mooring spelling; place lies in the karrhard area; form could be the local Harde spelling; area from neighbouring rows,26
608,Wäärwe än latj krååm,Sandacker,Suneeker,,Oudere noome,lost_by_script,karrhard,low,karrhard,drop_older_column.py: dropped as an alternative Mooring spelling; place lies in the karrhard area; form could be the local Harde spelling; long-vowel doubling; area from OSM match,577
624,Wäärwe än latj krååm,Wielberg,Wiilbäire,,Oudere noome,deleted_variant,karrhard,low,karrhard,place lies in the karrhard area; form could be the local Harde spelling; å/ä/ö/ü→Mooring; area from OSM name lookup,593
684,Wäärwe än latj krååm,Rantzauhöhe,Ranzelbärj,,Oudere noome,lost_by_script,karrhard,low,karrhard,drop_older_column.py: dropped as an alternative Mooring spelling; place lies in the karrhard area; form could be the local Harde spelling; å/ä/ö/ü→Mooring; area from OSM name lookup,653
827,Wååder,Soholmer Au,Såhulm Uu,,Oudere noome,lost_by_script,karrhard,low,karrhard,drop_older_column.py: dropped as an alternative Mooring spelling; place lies in the karrhard area; form could be the local Harde spelling; å/ä/ö/ü→Mooring; long-vowel doubling; area from OSM match,788
90,Steeden än doorpe (implicit),Soholm,Såhulm,,Oudere noome,lost_by_script,karrhard,low,karrhard,drop_older_column.py: dropped as an alternative Mooring spelling; place lies in the karrhard area; form could be the local Harde spelling; å/ä/ö/ü→Mooring; area from OSM match,92
525,Wäärwe än latj krååm,Lütt-Jens-Warft,Lätj-Jäns-Weerw,Foortuftinge,Oudere noome,deleted_variant,local,high,mooring,"remark ""Foortuftinge""; -wäärw→Mooring; å/ä/ö/ü→Mooring; area from hint Fahretoft",495
539,Wäärwe än latj krååm,Blocksberg,Bloksbärj,doogbling,Oudere noome,deleted_variant,local,high,wieding,"remark ""doogbling""; å/ä/ö/ü→Mooring; area from OSM match",509
540,Wäärwe än latj krååm,Dagebüll Hafen,Doogebel Huugen,doogbling,Oudere noome,deleted_variant,local,high,mooring,"remark ""doogbling""; long-vowel doubling; area from OSM match",510
165,Steeden än doorpe (implicit),Drelsdorf,Trölstrup,,Oudere noome,deleted_variant,midgoes,low,midgoes,place lies in the midgoes area; form could be the local Harde spelling; area from OSM match,167
186,Steeden än doorpe (implicit),Ahrenshöft,Oornshaud,,Oudere noome,lost_by_script,midgoes,low,midgoes,drop_older_column.py: dropped as an alternative Mooring spelling; place lies in the midgoes area; form could be the local Harde spelling; long-vowel doubling; area from OSM match,188
342,Steeden än doorpe (implicit),Cuxhaven,Tres,,Oudere noome,lost_by_script,halunder,low,unknown,migrate_dialect_columns.py: unsorted -> note; the row has no Mooring name at all,335
396,Kuuge,Desmerciereskoog,Desmerciereskuuch,,Mooring,deleted_row,mooring,low,unknown,sheet row has no counterpart in the list; the row has no Mooring name at all; long-vowel doubling; area from OSM name lookup,
629,Wäärwe än latj krååm,Altendeich,Uuldik,E houlme,Oudere noome,deleted_variant,nordgoes,high,nordgoes,"remark ""E houlme""; long-vowel doubling; area from OSM name lookup",598
147,Steeden än doorpe (implicit),Dörpumfeld,Toorpemfäil,,Oudere noome,lost_by_script,nordgoes,medium,nordgoes,drop_older_column.py: dropped as an alternative Mooring spelling; place lies in the nordgoes area and the form is not the Mooring one; å/ä/ö/ü→Mooring; -feel/-fäil→Goesharde/Karrharde; long-vowel doubling; area from neighbouring rows,149
564,Wäärwe än latj krååm,Fedderswarft,Fäderweerw,,Oudere noome,deleted_variant,nordgoes,medium,nordgoes,place lies in the nordgoes area and the form is not the Mooring one; -weerw/-weerf→Hallig/Harde; å/ä/ö/ü→Mooring; long-vowel doubling; area from OSM match,535
565,Wäärwe än latj krååm,Eggerswarft,Eekensweerw,,Oudere noome,deleted_variant,nordgoes,medium,nordgoes,place lies in the nordgoes area and the form is not the Mooring one; -weerw/-weerf→Hallig/Harde; long-vowel doubling; area from hint Ockholm,536
568,Wäärwe än latj krååm,Grünewarft,Greeneweerw,,Oudere noome,deleted_variant,nordgoes,medium,nordgoes,place lies in the nordgoes area and the form is not the Mooring one; -weerw/-weerf→Hallig/Harde; long-vowel doubling; area from hint Ockholm,539
569,Wäärwe än latj krååm,Kirchwarft,Schörkeweerw,,Oudere noome,deleted_variant,nordgoes,medium,nordgoes,place lies in the nordgoes area and the form is not the Mooring one; -weerw/-weerf→Hallig/Harde; å/ä/ö/ü→Mooring; long-vowel doubling; area from OSM match,540
571,Wäärwe än latj krååm,Süderwarft,Sårweerw,,Oudere noome,lost_by_script,nordgoes,medium,nordgoes,drop_older_column.py: dropped as an alternative Mooring spelling; place lies in the nordgoes area and the form is not the Mooring one; -weerw/-weerf→Hallig/Harde; å/ä/ö/ü→Mooring; long-vowel doubling; area from OSM match,542
572,Wäärwe än latj krååm,Peterswarft,Päidersweerw,,Oudere noome,lost_by_script,nordgoes,medium,nordgoes,drop_older_column.py: dropped as an alternative Mooring spelling; place lies in the nordgoes area and the form is not the Mooring one; -weerw/-weerf→Hallig/Harde; å/ä/ö/ü→Mooring; long-vowel doubling; area from OSM match,543
573,Wäärwe än latj krååm,Redlefswarft,Reedelsweerw,,Oudere noome,deleted_variant,nordgoes,medium,nordgoes,place lies in the nordgoes area and the form is not the Mooring one; -weerw/-weerf→Hallig/Harde; long-vowel doubling; area from OSM match,544
573,Wäärwe än latj krååm,Redlefswarft,Reelnsweerw,,Oudere noome,lost_by_script,nordgoes,medium,nordgoes,drop_older_column.py: dropped as an alternative Mooring spelling; place lies in the nordgoes area and the form is not the Mooring one; -weerw/-weerf→Hallig/Harde; long-vowel doubling; area from OSM match,544
574,Wäärwe än latj krååm,Sönnenswarft,Sanensweerw,,Oudere noome,deleted_variant,nordgoes,medium,nordgoes,place lies in the nordgoes area and the form is not the Mooring one; -weerw/-weerf→Hallig/Harde; long-vowel doubling; area from OSM match,545
575,Wäärwe än latj krååm,Tadenswarft,Taadensweerw,,Oudere noome,deleted_variant,nordgoes,medium,nordgoes,place lies in the nordgoes area and the form is not the Mooring one; -weerw/-weerf→Hallig/Harde; long-vowel doubling; area from OSM match,546
576,Wäärwe än latj krååm,Ditrichswarf,Tiirsweerw,,Oudere noome,deleted_variant,nordgoes,medium,nordgoes,place lies in the nordgoes area and the form is not the Mooring one; -weerw/-weerf→Hallig/Harde; long-vowel doubling; area from hint Ockholm,547
695,Wäärwe än latj krååm,Lütjenhornfeld,Lätjenhoarnfäil,,Oudere noome,lost_by_script,nordgoes,medium,nordgoes,drop_older_column.py: dropped as an alternative Mooring spelling; place lies in the nordgoes area and the form is not the Mooring one; å/ä/ö/ü→Mooring; -feel/-fäil→Goesharde/Karrharde; oa/ea/ia→Halunder/Hallig/Fering; area from neighbouring rows,664
130,Steeden än doorpe (implicit),Efkebüll,Öfkebel,,Oudere noome,lost_by_script,nordgoes,low,nordgoes,drop_older_column.py: dropped as an alternative Mooring spelling; place lies in the nordgoes area; form could be the local Harde spelling; å/ä/ö/ü→Mooring; area from OSM match,132
134,Steeden än doorpe (implicit),Langenhorner Heide,Hoorninger Hii,,Oudere noome,lost_by_script,nordgoes,low,nordgoes,drop_older_column.py: dropped as an alternative Mooring spelling; place lies in the nordgoes area; form could be the local Harde spelling; long-vowel doubling; area from neighbouring rows,136
135,Steeden än doorpe (implicit),Mönkebüll,Mönkebel,,Oudere noome,lost_by_script,nordgoes,low,nordgoes,drop_older_column.py: dropped as an alternative Mooring spelling; place lies in the nordgoes area; form could be the local Harde spelling; å/ä/ö/ü→Mooring; area from OSM match,137
136,Steeden än doorpe (implicit),Loheide,Lohii,,Oudere noome,lost_by_script,nordgoes,low,nordgoes,drop_older_column.py: dropped as an alternative Mooring spelling; place lies in the nordgoes area; form could be the local Harde spelling; long-vowel doubling; area from OSM match,138
151,Steeden än doorpe (implicit),Stollberg,Stolbeerch,,Oudere noome,lost_by_script,nordgoes,low,nordgoes,drop_older_column.py: dropped as an alternative Mooring spelling; place lies in the nordgoes area; form could be the local Harde spelling; long-vowel doubling; area from OSM match,153
159,Steeden än doorpe (implicit),Hogelund,Huugelün,,Oudere noome,lost_by_script,nordgoes,low,nordgoes,drop_older_column.py: dropped as an alternative Mooring spelling; place lies in the nordgoes area; form could be the local Harde spelling; å/ä/ö/ü→Mooring; long-vowel doubling; area from neighbouring rows,161
160,Steeden än doorpe (implicit),Riddorf,Rääderup,,Oudere noome,deleted_variant,nordgoes,low,nordgoes,place lies in the nordgoes area; form could be the local Harde spelling; å/ä/ö/ü→Mooring; area from OSM match,162
162,Steeden än doorpe (implicit),Borsbüll,Borsbel,,Oudere noome,lost_by_script,nordgoes,low,nordgoes,drop_older_column.py: dropped as an alternative Mooring spelling; place lies in the nordgoes area; form could be the local Harde spelling; area from OSM match,164
391,Kuuge,Breklumer Koog,Brääklemer Kuuch,,Oudere noome,lost_by_script,nordgoes,low,nordgoes,drop_older_column.py: dropped as an alternative Mooring spelling; place lies in the nordgoes area; form could be the local Harde spelling; å/ä/ö/ü→Mooring; long-vowel doubling; area from OSM name lookup,376
533,Wäärwe än latj krååm,Bongsiel,Bongsil,,Oudere noome,deleted_variant,local,low,mooring,place lies in the nordgoes area; form could be the local Harde spelling; area from OSM match,503
566,Wäärwe än latj krååm,Kleine Gaarde,Läitje Guurd,,Oudere noome,deleted_variant,nordgoes,low,nordgoes,place lies in the nordgoes area; form could be the local Harde spelling; å/ä/ö/ü→Mooring; long-vowel doubling; area from OSM match,537
567,Wäärwe än latj krååm,Große Gaarde,Gråte Guurd,,Oudere noome,deleted_variant,nordgoes,low,nordgoes,place lies in the nordgoes area; form could be the local Harde spelling; å/ä/ö/ü→Mooring; long-vowel doubling; area from OSM match,538
595,Wäärwe än latj krååm,Mögelberg,Määgelbeerch,,Oudere noome,deleted_variant,nordgoes,low,nordgoes,place lies in the nordgoes area; form could be the local Harde spelling; å/ä/ö/ü→Mooring; long-vowel doubling; area from OSM name lookup,564
615,Wäärwe än latj krååm,Soholmbrück,Såhulmbru,,Oudere noome,deleted_variant,nordgoes,low,nordgoes,place lies in the nordgoes area; form could be the local Harde spelling; å/ä/ö/ü→Mooring; area from OSM match,584
696,Wäärwe än latj krååm,Lüttmoorsiel,Läitj Moor Sil,,Oudere noome,deleted_variant,nordgoes,low,nordgoes,place lies in the nordgoes area; form could be the local Harde spelling; å/ä/ö/ü→Mooring; area from neighbouring rows,665
697,Wäärwe än latj krååm,Margarethenberg,Guulibeerch,,Oudere noome,deleted_variant,nordgoes,low,nordgoes,place lies in the nordgoes area; form could be the local Harde spelling; long-vowel doubling; area from OSM match,666
806,Wååder,Arlau,Arluu,,Oudere noome,lost_by_script,midgoes,low,midgoes,drop_older_column.py: dropped as an alternative Mooring spelling; place lies in the nordgoes area; form could be the local Harde spelling; long-vowel doubling; area from OSM match,767
814,Wååder,Kleine Au,Lätje Uu,,Oudere noome,deleted_variant,midgoes,low,midgoes,place lies in the nordgoes area; form could be the local Harde spelling; å/ä/ö/ü→Mooring; long-vowel doubling; area from OSM match,775
815,Wååder,Lecker Au,Leeklinger Struum,,Oudere noome,deleted_variant,local,low,mooring,place lies in the nordgoes area; form could be the local Harde spelling; long-vowel doubling; area from neighbouring rows,776
818,Wååder,Neue Au,Näie Uu,,Oudere noome,deleted_variant,midgoes,low,midgoes,place lies in the nordgoes area; form could be the local Harde spelling; å/ä/ö/ü→Mooring; long-vowel doubling; area from OSM match,779
820,Wååder,Ostenau,Aastenuu,,Oudere noome,deleted_variant,midgoes,low,midgoes,place lies in the nordgoes area; form could be the local Harde spelling; long-vowel doubling; area from OSM match,781
618,Wäärwe än latj krååm,Süderende,Süđerjen,sölring,Oudere noome,deleted_variant,solring,high,fering,"remark ""sölring""; note: the area lookup says fering (unproven); đ→Sölring; å/ä/ö/ü→Mooring; area from OSM name lookup",587
609,Wäärwe än latj krååm,Rotes Kliff,Ruar Klef,,Oudere noome,lost_by_script,solring,medium,solring,drop_older_column.py: dropped as an alternative Mooring spelling; place lies in the solring area; oa/ea/ia→Halunder/Hallig/Fering; area from OSM name lookup,578
458,"Hålie, ailönje än sönje",Sylt,Söl,,Oudere noome,lost_by_script,solring,low,solring,drop_older_column.py: dropped as an alternative Mooring spelling; place lies in the solring area; å/ä/ö/ü→Mooring; area from OSM name lookup,435
629,Wäärwe än latj krååm,Altendeich,Ualdik,Håtst,Oudere noome,deleted_variant,suedgoes,high,nordgoes,"remark ""Håtst""; note: the area lookup says nordgoes (unproven); oa/ea/ia→Halunder/Hallig/Fering; area from OSM name lookup",598
214,Steeden än doorpe (implicit),Schwesing,Swiasing,,Oudere noome,lost_by_script,suedgoes,medium,suedgoes,drop_older_column.py: dropped as an alternative Mooring spelling; place lies in the suedgoes area and the form is not the Mooring one; oa/ea/ia→Halunder/Hallig/Fering; area from OSM match,219
220,Steeden än doorpe (implicit),Ostenfeld,Aastenfäil,,Oudere noome,lost_by_script,suedgoes,medium,suedgoes,drop_older_column.py: dropped as an alternative Mooring spelling; place lies in the suedgoes area and the form is not the Mooring one; å/ä/ö/ü→Mooring; -feel/-fäil→Goesharde/Karrharde; long-vowel doubling; area from neighbouring rows,225
700,Wäärwe än latj krååm,Mildstedtfeld,Mälstfeel,,Oudere noome,lost_by_script,suedgoes,medium,suedgoes,drop_older_column.py: dropped as an alternative Mooring spelling; place lies in the suedgoes area and the form is not the Mooring one; å/ä/ö/ü→Mooring; -feel/-fäil→Goesharde/Karrharde; long-vowel doubling; area from OSM name lookup,669
738,Wäärwe än latj krååm,Schwesingfeld,Swiasingfeel,,Oudere noome,deleted_variant,suedgoes,medium,suedgoes,place lies in the suedgoes area and the form is not the Mooring one; -feel/-fäil→Goesharde/Karrharde; long-vowel doubling; oa/ea/ia→Halunder/Hallig/Fering; area from OSM name lookup,707
777,Wäärwe än latj krååm,Winnertfeld,Winertfeel,,Oudere noome,deleted_variant,suedgoes,medium,suedgoes,place lies in the suedgoes area and the form is not the Mooring one; -feel/-fäil→Goesharde/Karrharde; long-vowel doubling; area from OSM name lookup,746
199,Steeden än doorpe (implicit),Hattstedter Marsch,Haatstinger Määrsch,,Oudere noome,lost_by_script,suedgoes,low,suedgoes,drop_older_column.py: dropped as an alternative Mooring spelling; place lies in the suedgoes area; form could be the local Harde spelling; å/ä/ö/ü→Mooring; area from neighbouring rows,201
200,Steeden än doorpe (implicit),Lundenberg,Lunberich,Goeshiirdinge,Oudere noome,lost_by_script,suedgoes,low,suedgoes,"drop_older_column.py: dropped as an alternative Mooring spelling; remark ""Goeshiirdinge""; Goesharde remark but which Goesharde is unknown; place lies in the suedgoes area; form could be the local Harde spelling; area from OSM match",202
401,Kuuge,Hattstedter Koog,Haatstinger Kuuch,,Oudere noome,deleted_variant,suedgoes,low,suedgoes,place lies in the suedgoes area; form could be the local Harde spelling; long-vowel doubling; area from OSM name lookup,387
414,Kuuge,Margarethenkoog,Margarethenkuuch,,Oudere noome,lost_by_script,suedgoes,low,suedgoes,drop_older_column.py: dropped as an alternative Mooring spelling; place lies in the suedgoes area; form could be the local Harde spelling; long-vowel doubling; area from OSM match,400
752,Wäärwe än latj krååm,Süderhöft,Süürhaud,,Oudere noome,lost_by_script,suedgoes,low,suedgoes,drop_older_column.py: dropped as an alternative Mooring spelling; place lies in the suedgoes area; form could be the local Harde spelling; å/ä/ö/ü→Mooring; area from OSM match,721
754,Wäärwe än latj krååm,Süderland,Sööderloun,,Oudere noome,deleted_variant,nordgoes,low,nordgoes,place lies in the suedgoes area; form could be the local Harde spelling; å/ä/ö/ü→Mooring; area from neighbouring rows,723
756,Wäärwe än latj krååm,Südermarsch,Süürmäärsch,,Oudere noome,deleted_variant,suedgoes,low,suedgoes,place lies in the suedgoes area; form could be the local Harde spelling; å/ä/ö/ü→Mooring; area from OSM match,725
778,Wäärwe än latj krååm,Wittland,Witlöön,Gooshiirdinge,Oudere noome,deleted_variant,suedgoes,low,suedgoes,"remark ""Gooshiirdinge""; Goesharde remark but which Goesharde is unknown; place lies in the suedgoes area; form could be the local Harde spelling; å/ä/ö/ü→Mooring; area from OSM name lookup",747
813,Wååder,Husumer Au,Hüsemer Uu,Gooshiirdinge,Oudere noome,deleted_variant,suedgoes,low,suedgoes,"remark ""Gooshiirdinge""; Goesharde remark but which Goesharde is unknown; place lies in the suedgoes area; form could be the local Harde spelling; å/ä/ö/ü→Mooring; long-vowel doubling; area from OSM match",774
326,Steeden än doorpe (implicit),Mögeltondern,Grot Toner,wisinge,Oudere noome,deleted_variant,wieding,high,unknown,"remark ""wisinge""",321
327,Steeden än doorpe (implicit),Tondern,Toner,wisinge,Oudere noome,deleted_variant,wieding,high,unknown,"remark ""wisinge""",322
48,Steeden än doorpe (implicit),Hesbüll,Hjisbel,wisinge,Oudere noome,lost_by_script,wieding,high,wieding,"drop_older_column.py: dropped as an alternative Mooring spelling; remark ""wisinge""; area from OSM match",49
490,"Hålie, ailönje än sönje",Bohnenhallig,Buunehali,wisinge,Oudere noome,deleted_variant,wieding,high,unknown,"remark ""wisinge""; long-vowel doubling",466
491,"Hålie, ailönje än sönje",Großhallig,Grothali,wisinge,Oudere noome,deleted_variant,wieding,high,unknown,"remark ""wisinge""",467
493,"Hålie, ailönje än sönje",Lehnshallig,Leenshali,wisinge,Oudere noome,deleted_variant,wieding,high,wieding,"remark ""wisinge""; long-vowel doubling; area from OSM name lookup",469
601,Wäärwe än latj krååm,Osterdeich,Oasterdik,Wisinge,Oudere noome,deleted_variant,wieding,high,unknown,"remark ""Wisinge""; oa/ea/ia→Halunder/Hallig/Fering",570
613,Wäärwe än latj krååm,Schneedeich,Snäidik,wisinge,Oudere noome,deleted_variant,wieding,high,wieding,"remark ""wisinge""; å/ä/ö/ü→Mooring; area from OSM name lookup",582
808,Wååder,Alter Sielzug,Uuil Tooch,wisinge,Oudere noome,deleted_variant,wieding,high,wieding,"remark ""wisinge""; long-vowel doubling; area from OSM match",769
154,Steeden än doorpe (implicit),Bredstedt,Bräidstäär,wisinge,Oudere noome,deleted_variant,wieding,medium,nordgoes,"remark ""wisinge""; note: the area lookup says nordgoes; å/ä/ö/ü→Mooring; area from OSM match",156
590,Wäärwe än latj krååm,Markhäuser,Moarkhüsinge,,Oudere noome,deleted_row,wieding,medium,wieding,duplicate sheet row; the list keeps line 668; place lies in the wieding area and the form is not the Mooring one; å/ä/ö/ü→Mooring; oa/ea/ia→Halunder/Hallig/Fering; area from OSM match,668
617,Wäärwe än latj krååm,Süderdeich,Sördik,"Gooshiirding, Wising",Oudere noome,deleted_variant,wieding,medium,nordgoes,"remark ""Gooshiirding, Wising""; Goesharde remark but which Goesharde is unknown; note: the area lookup says nordgoes (unproven); å/ä/ö/ü→Mooring; area from OSM name lookup",586
699,Wäärwe än latj krååm,Markhäuser,Moarkhüsinge,,Oudere noome,deleted_variant,wieding,medium,wieding,place lies in the wieding area and the form is not the Mooring one; å/ä/ö/ü→Mooring; oa/ea/ia→Halunder/Hallig/Fering; area from OSM match,668
719,Wäärwe än latj krååm,Osterfeld,Ååsterfeel,,Oudere noome,deleted_variant,wieding,medium,wieding,place lies in the wieding area and the form is not the Mooring one; å/ä/ö/ü→Mooring; -feel/-fäil→Goesharde/Karrharde; long-vowel doubling; area from OSM name lookup,688
721,Wäärwe än latj krååm,Osterklanxbüll,Oaster Klangsbel,,Oudere noome,deleted_variant,wieding,medium,wieding,place lies in the wieding area and the form is not the Mooring one; oa/ea/ia→Halunder/Hallig/Fering; area from OSM match,690
723,Wäärwe än latj krååm,Paysmark,Paiensmoark,,Oudere noome,deleted_variant,wieding,medium,wieding,place lies in the wieding area and the form is not the Mooring one; oa/ea/ia→Halunder/Hallig/Fering; area from OSM name lookup,692
12,Steeden än doorpe (implicit),Bundesgaard,Boinjesguurd,,Oudere noome,lost_by_script,wieding,low,wieding,drop_older_column.py: dropped as an alternative Mooring spelling; place lies in the wieding area; form could be the local Harde spelling; long-vowel doubling; area from OSM match,12
13,Steeden än doorpe (implicit),Rodenäs,Rornees,,Oudere noome,lost_by_script,wieding,low,wieding,drop_older_column.py: dropped as an alternative Mooring spelling; place lies in the wieding area; form could be the local Harde spelling; long-vowel doubling; area from OSM match,13
14,Steeden än doorpe (implicit),Oldorf,Uuiltorp,,Oudere noome,lost_by_script,wieding,low,wieding,drop_older_column.py: dropped as an alternative Mooring spelling; place lies in the wieding area; form could be the local Harde spelling; long-vowel doubling; area from neighbouring rows,14
3,Steeden än doorpe (implicit),Rosenkranz,Roosekrans,,Oudere noome,lost_by_script,wieding,low,wieding,drop_older_column.py: dropped as an alternative Mooring spelling; place lies in the wieding area; form could be the local Harde spelling; long-vowel doubling; area from OSM match,3
35,Steeden än doorpe (implicit),Feddersbüll,Firsbel,,Oudere noome,lost_by_script,wieding,low,wieding,drop_older_column.py: dropped as an alternative Mooring spelling; place lies in the wieding area; form could be the local Harde spelling; area from neighbouring rows,35
36,Steeden än doorpe (implicit),Südfeddersbüll,Sörfirsbel,,Oudere noome,lost_by_script,wieding,low,wieding,drop_older_column.py: dropped as an alternative Mooring spelling; place lies in the wieding area; form could be the local Harde spelling; å/ä/ö/ü→Mooring; area from neighbouring rows,36
386,Kuuge,Wiedingharder Neuer Koog,Wiringhiirder Naie Kuuch,,Oudere noome,lost_by_script,wieding,low,wieding,drop_older_column.py: dropped as an alternative Mooring spelling; place lies in the wieding area; form could be the local Harde spelling; long-vowel doubling; area from OSM name lookup,371
42,Steeden än doorpe (implicit),Althorsbüll,Uuilhoorbel,,Oudere noome,lost_by_script,wieding,low,wieding,drop_older_column.py: dropped as an alternative Mooring spelling; place lies in the wieding area; form could be the local Harde spelling; long-vowel doubling; area from OSM match,43
46,Steeden än doorpe (implicit),Neukirchen,Naisjösbel,,Oudere noome,lost_by_script,wieding,low,wieding,drop_older_column.py: dropped as an alternative Mooring spelling; place lies in the wieding area; form could be the local Harde spelling; å/ä/ö/ü→Mooring; area from OSM match,47
49,Steeden än doorpe (implicit),Nordhesbüll,Noordhjisbel,,Oudere noome,lost_by_script,wieding,low,wieding,drop_older_column.py: dropped as an alternative Mooring spelling; place lies in the wieding area; form could be the local Harde spelling; long-vowel doubling; area from neighbouring rows,50
50,Steeden än doorpe (implicit),Süderhesbüll,Sörhjisbel,,Oudere noome,lost_by_script,wieding,low,wieding,drop_older_column.py: dropped as an alternative Mooring spelling; place lies in the wieding area; form could be the local Harde spelling; å/ä/ö/ü→Mooring; area from neighbouring rows,51
51,Steeden än doorpe (implicit),Südhesbüll,Sörhjisbel,,Oudere noome,lost_by_script,wieding,low,wieding,drop_older_column.py: dropped as an alternative Mooring spelling; place lies in the wieding area; form could be the local Harde spelling; å/ä/ö/ü→Mooring; area from neighbouring rows,52
548,Wäärwe än latj krååm,Rickelsbüll,Raksbel,,Oudere noome,deleted_variant,wieding,low,wieding,place lies in the wieding area; form could be the local Harde spelling; area from OSM match,519
549,Wäärwe än latj krååm,Hunwerthusum,Honerthüsem,,Oudere noome,lost_by_script,wieding,low,wieding,drop_older_column.py: dropped as an alternative Mooring spelling; place lies in the wieding area; form could be the local Harde spelling; å/ä/ö/ü→Mooring; area from neighbouring rows,520
551,Wäärwe än latj krååm,Südwesthörn,Sörweersthörn,,Oudere noome,lost_by_script,wieding,low,wieding,drop_older_column.py: dropped as an alternative Mooring spelling; place lies in the wieding area; form could be the local Harde spelling; å/ä/ö/ü→Mooring; long-vowel doubling; area from OSM name lookup,522
584,Wäärwe än latj krååm,Hungerburg,Hongerbeeri,,Oudere noome,lost_by_script,wieding,low,wieding,drop_older_column.py: dropped as an alternative Mooring spelling; place lies in the wieding area; form could be the local Harde spelling; long-vowel doubling; area from neighbouring rows,555
587,Wäärwe än latj krååm,Kleinkoogsdeich,Laitekuuchsdik,,Oudere noome,deleted_variant,wieding,low,wieding,place lies in the wieding area; form could be the local Harde spelling; long-vowel doubling; area from OSM match,558
594,Wäärwe än latj krååm,Mühlendeich,Mjilendik,,Oudere noome,deleted_variant,wieding,low,wieding,place lies in the wieding area; form could be the local Harde spelling; area from OSM name lookup,563
598,Wäärwe än latj krååm,Nordosterdeich,Noordårsterdik,,Oudere noome,deleted_variant,wieding,low,wieding,place lies in the wieding area; form could be the local Harde spelling; å/ä/ö/ü→Mooring; long-vowel doubling; area from OSM name lookup,567
611,Wäärwe än latj krååm,Schmale,e Smjile,,Oudere noome,deleted_variant,wieding,low,wieding,place lies in the wieding area; form could be the local Harde spelling; article e→Mooring; area from OSM name lookup,580
8,Steeden än doorpe (implicit),Aventoft,Oowentoft,,Oudere noome,lost_by_script,wieding,low,wieding,drop_older_column.py: dropped as an alternative Mooring spelling; place lies in the wieding area; form could be the local Harde spelling; long-vowel doubling; area from OSM match,8
106,Steeden än doorpe (implicit),Sande,de Sönj,,Oudere noome,lost_by_script,karrhard,high,karrhard,"drop_older_column.py: dropped as an alternative Mooring spelling; spelling variant of kept ""e Sönj"" (mooring)",108
131,Steeden än doorpe (implicit),Langenhorn,e Hoorne,,Oudere noome,lost_by_script,nordgoes,high,nordgoes,"drop_older_column.py: dropped as an alternative Mooring spelling; spelling variant of kept ""e Horne"" (mooring)",133
132,Steeden än doorpe (implicit),Ost-Langenhorn,e Aasterhoorne,,Oudere noome,lost_by_script,nordgoes,high,nordgoes,"drop_older_column.py: dropped as an alternative Mooring spelling; spelling variant of kept ""e Ååsterhorne"" (mooring)",134
133,Steeden än doorpe (implicit),West-Langenhorn,e Weesterhorrne,,Oudere noome,deleted_variant,keep deleted,high,nordgoes,"spelling variant of kept ""e Weesterhorne"" (mooring)",135
133,Steeden än doorpe (implicit),West-Langenhorn,e Weesterhoorne,,Oudere noome,lost_by_script,nordgoes,high,nordgoes,"drop_older_column.py: dropped as an alternative Mooring spelling; spelling variant of kept ""e Weesterhorne"" (mooring)",135
135,Steeden än doorpe (implicit),Mönkebüll,Mänkebel,,Mooring,lost_by_script,keep deleted,high,nordgoes,"drop_older_column.py: dropped as an alternative Mooring spelling; spelling variant of kept ""Mankebel"" (mooring)",137
15,Steeden än doorpe (implicit),Neudorf,Naitorp,,Oudere noome,lost_by_script,keep deleted,high,wieding,"drop_older_column.py: dropped as an alternative Mooring spelling; spelling variant of kept ""Naitoorp"" (mooring)",15
153,Steeden än doorpe (implicit),Sönnebüll,Säänebel,,Oudere noome,lost_by_script,nordgoes,high,nordgoes,"drop_older_column.py: dropped as an alternative Mooring spelling; spelling variant of kept ""Sänebel"" (mooring)",155
155,Steeden än doorpe (implicit),Vollstedt,Faalst,,Oudere noome,lost_by_script,midgoes,high,nordgoes,"drop_older_column.py: dropped as an alternative Mooring spelling; spelling variant of kept ""Fåålst"" (mooring)",157
16,Steeden än doorpe (implicit),Ophusum,Äphüsem,,Oudere noome,lost_by_script,wieding,high,wieding,"drop_older_column.py: dropped as an alternative Mooring spelling; spelling variant of kept ""Aphüsem"" (mooring)",16
161,Steeden än doorpe (implicit),Breklum,Brekeling,,Üülje noome,deleted_variant,keep deleted,high,nordgoes,"historic attestation from the sheet's Üülje noome column (a medieval/early-modern record), not a name in a living dialect",163
163,Steeden än doorpe (implicit),Wallsbüll,Waalsbel,Gooshiirder,Oudere noome,lost_by_script,nordgoes,high,nordgoes,"drop_older_column.py: dropped as an alternative Mooring spelling; spelling variant of kept ""Wålsbel"" (mooring); remark ""Gooshiirder""; Goesharde remark but which Goesharde is unknown",165
174,Steeden än doorpe (implicit),Haaks,Haaks,,Oudere noome,lost_by_script,midgoes,high,midgoes,"drop_older_column.py: dropped as an alternative Mooring spelling; spelling variant of kept ""Håks"" (mooring)",176
175,Steeden än doorpe (implicit),Norstedt,Noorst,,Oudere noome,lost_by_script,midgoes,high,nordgoes,"drop_older_column.py: dropped as an alternative Mooring spelling; spelling variant of kept ""Norst"" (mooring)",177
179,Steeden än doorpe (implicit),Kragelund,Kraagelün,,Oudere noome,deleted_variant,midgoes,high,nordgoes,"spelling variant of kept ""Kråågelün"" (mooring)",181
196,Steeden än doorpe (implicit),Elemenning,Eelemänning,,Mooring,deleted_variant,keep deleted,high,suedgoes,"spelling variant of kept ""Eelemäning"" (mooring)",198
259,Steeden än doorpe (implicit),Norderhafen,Noorderhuuwen,,Oudere noome,lost_by_script,suedgoes,high,unknown,"drop_older_column.py: dropped as an alternative Mooring spelling; spelling variant of kept ""Norderhuuwen"" (mooring)",263
324,Steeden än doorpe (implicit),Ballum,Balem,,Oudere noome,lost_by_script,mooring,high,unknown,"drop_older_column.py: dropped as an alternative Mooring spelling; spelling variant of kept ""Bålem"" (mooring)",319
332,Steeden än doorpe (implicit),Flensburg,Flänsborj,,Oudere noome,lost_by_script,wieding,high,unknown,"migrate_dialect_columns.py: unsorted -> note; spelling variant of kept ""Flansborj"" (mooring)",327
372,Kuuge,Marienkoog,Mariienkuuch,,Mooring,deleted_row,keep deleted,high,wieding,"duplicate sheet row; the list keeps line 348; spelling variant of kept ""Mariienkuuch"" (mooring)",348
40,Steeden än doorpe (implicit),Benninghusum,Bäninghüsem,,Mooring,deleted_variant,wieding,high,wieding,"spelling variant of kept ""Baninghüsem"" (mooring)",41
41,Steeden än doorpe (implicit),Horsbüll,Hoorbel,,Oudere noome,lost_by_script,wieding,high,wieding,"drop_older_column.py: dropped as an alternative Mooring spelling; spelling variant of kept ""Horbel"" (mooring)",42
41,Steeden än doorpe (implicit),Horsbüll,Hörbel,,Oudere noome,lost_by_script,keep deleted,high,wieding,"drop_older_column.py: dropped as an alternative Mooring spelling; spelling variant of kept ""Horbel"" (mooring)",42
419,Kuuge,Norderheverkoog,Noorderheewerkuuch,,Oudere noome,lost_by_script,keep deleted,high,unknown,"drop_older_column.py: dropped as an alternative Mooring spelling; spelling variant of kept ""Norderheewerkuuch"" (mooring)",405
423,Kuuge,Pohnshalligkoog,Poonshalikuuch,,Oudere noome,lost_by_script,keep deleted,high,unknown,"drop_older_column.py: dropped as an alternative Mooring spelling; spelling variant of kept ""Poonshålikuuch"" (mooring)",409
43,Steeden än doorpe (implicit),Neuhorsbüll,Naihoorbel,,Oudere noome,lost_by_script,wieding,high,wieding,"drop_older_column.py: dropped as an alternative Mooring spelling; spelling variant of kept ""Naihorbel"" (mooring)",44
445,Hiirde,Karrharde,Karhiird,,Oudere noome,lost_by_script,karrhard,high,unknown,"drop_older_column.py: dropped as an alternative Mooring spelling; spelling variant of kept ""Kårhiird"" (mooring)",426
448,Hiirde,Nordergoesharde,Noordergooshiird,,Oudere noome,lost_by_script,nordgoes,high,unknown,"drop_older_column.py: dropped as an alternative Mooring spelling; spelling variant of kept ""Nordergooshiird"" (mooring)",429
469,"Hålie, ailönje än sönje",Appelland,Ååpellönj,,Mooring,deleted_variant,keep deleted,high,hallig,"spelling variant of kept ""Aapellönj"" (mooring)",446
492,"Hålie, ailönje än sönje",Hattersbüllhallig,Hatesbelhali,,Oudere noome,deleted_variant,karrhard,high,karrhard,"spelling variant of kept ""Hatesbelhåli"" (mooring)",468
496,"Hålie, ailönje än sönje",Pohnshallig,Poonshali,,Oudere noome,deleted_variant,keep deleted,high,unknown,"spelling variant of kept ""Poonshåli"" (mooring)",472
503,Wäärwe än latj krååm,Peterswarf,Paderswäärw,,Mooring,deleted_variant,keep deleted,high,hallig,"spelling variant of kept ""Paderswärw"" (mooring)",475
505,Wäärwe än latj krååm,Honkenswarf,Honkenswäärw,,Mooring,deleted_variant,keep deleted,high,hallig,"spelling variant of kept ""Honkenswärw"" (mooring)",477
506,Wäärwe än latj krååm,Hunnenswarf,Hünenswäärw,,Mooring,deleted_variant,keep deleted,high,hallig,"spelling variant of kept ""Hünenswärw"" (mooring)",478
507,Wäärwe än latj krååm,Ketelswarf,Käädelswäärw,,Mooring,deleted_variant,keep deleted,high,hallig,"spelling variant of kept ""Käädelswärw"" (mooring)",479
511,Wäärwe än latj krååm,Tadenswarf,Tåånswäärw,,Mooring,deleted_variant,keep deleted,high,hallig,"spelling variant of kept ""Tåånswärw"" (mooring)",483
515,Wäärwe än latj krååm,Rixwarf,Rakswäärw,,Mooring,deleted_variant,keep deleted,high,hallig,"spelling variant of kept ""Rakswärw"" (mooring)",487
522,Wäärwe än latj krååm,Kirchwarft,Schörkewäärw,,Mooring,deleted_variant,keep deleted,high,hallig,"spelling variant of kept ""Schörkewärw"" (mooring)",494
523,Wäärwe än latj krååm,Nordwarft,Nordwäärw,,Mooring,deleted_row,keep deleted,high,hallig,"duplicate sheet row; the list keeps line 541; spelling variant of kept ""Nordwärw"" (mooring)",541
524,Wäärwe än latj krååm,Süderwarft,Sööderwäärw,,Mooring,deleted_row,keep deleted,high,nordgoes,"duplicate sheet row; the list keeps line 542; spelling variant of kept ""Sööderwärw"" (mooring)",542
525,Wäärwe än latj krååm,Lütt-Jens-Warft,Latj-Jäns-Wäärw,,Mooring,deleted_variant,keep deleted,high,mooring,"spelling variant of kept ""Latj-Jäns-Wärw"" (mooring)",495
526,Wäärwe än latj krååm,Broderswarft,Broudersweerw,,Mooring,deleted_variant,local,high,mooring,"spelling variant of kept ""Brouderswärw"" (mooring)",496
527,Wäärwe än latj krååm,Bahnenswarft,Bounensweerw,,Mooring,deleted_variant,local,high,mooring,"spelling variant of kept ""Bounenswärw"" (mooring)",497
530,Wäärwe än latj krååm,Jakobswarft,Jakebsweerw,,Mooring,deleted_variant,local,high,mooring,"spelling variant of kept ""Jåkebswärw"" (mooring)",500
531,Wäärwe än latj krååm,Maienswarft,Moiensweerw,,Mooring,deleted_variant,local,high,mooring,"spelling variant of kept ""Moienswärw"" (mooring)",501
532,Wäärwe än latj krååm,Richardswarft,Rouerdsweerw,,Mooring,deleted_variant,local,high,mooring,"spelling variant of kept ""Rouerdswärw"" (mooring)",502
544,Wäärwe än latj krååm,Koogswarft,Kuuchweerw,,Mooring,deleted_variant,local,high,mooring,"spelling variant of kept ""Kuuchwärw"" (mooring)",514
545,Wäärwe än latj krååm,Neuwarft,Naiweerw,,Mooring,deleted_variant,local,high,mooring,"spelling variant of kept ""Naiwärw"" (mooring)",515
55,Steeden än doorpe (implicit),Klindt,Klänt,,Mooring,lost_by_script,keep deleted,high,unknown,"drop_older_column.py: dropped as an alternative Mooring spelling; spelling variant of kept ""Klant"" (mooring)",56
552,Wäärwe än latj krååm,Backenswarft,Bakenswäärw,,Mooring,deleted_variant,keep deleted,high,hallig,"spelling variant of kept ""Bakenswärw"" (mooring)",523
553,Wäärwe än latj krååm,Hanswarft,Hanswäärw,,Mooring,deleted_variant,keep deleted,high,hallig,"spelling variant of kept ""Hanswärw"" (mooring)",524
554,Wäärwe än latj krååm,Ipkenswarf,Iipkenswäärw,,Mooring,deleted_variant,keep deleted,high,hallig,"spelling variant of kept ""Iipkenswärw"" (mooring)",525
555,Wäärwe än latj krååm,Ockenswarf,Okenswäärw,Ukenswäärw,Mooring,deleted_variant,keep deleted,high,hallig,"spelling variant of kept ""Okenswärw"" (mooring); remark ""Ukenswäärw""",526
563,Wäärwe än latj krååm,Christianburg,Kreensboorj,,Oudere noome,deleted_variant,nordgoes,high,nordgoes,"spelling variant of kept ""Kreensborj"" (mooring)",534
583,Wäärwe än latj krååm,Hornburg,Hoornborj,,Mooring,deleted_variant,wieding,high,wieding,"spelling variant of kept ""Hornborj"" (mooring)",554
592,Wäärwe än latj krååm,Mitteldeich,Mädeldik,,Oudere noome,deleted_variant,wieding,high,mooring,"spelling variant of kept ""Madeldik"" (mooring)",562
593,Wäärwe än latj krååm,Mitteltritt,Madeltrit,,Mooring,deleted_row,keep deleted,high,hallig,"duplicate sheet row; the list keeps line 527; spelling variant of kept ""Madeltrit"" (mooring)",527
597,Wäärwe än latj krååm,Norderwarft,Norderwäärw,,Mooring,deleted_variant,keep deleted,high,hallig,"spelling variant of kept ""Norderwärw"" (mooring)",566
602,Wäärwe än latj krååm,Ostersiel,Aastersil,,Oudere noome,deleted_variant,suedgoes,high,unknown,"spelling variant of kept ""Ååstersil"" (mooring)",571
607,Wäärwe än latj krååm,Osterhever,Aasterheewer,,Oudere noome,deleted_variant,suedgoes,high,unknown,"spelling variant of kept ""Ååsterheewer"" (mooring)",576
651,Wäärwe än latj krååm,Haimoordeich,Haimöördik,,Oudere noome,deleted_variant,suedgoes,high,unknown,"spelling variant of kept ""Haimoordik"" (mooring)",620
677,Wäärwe än latj krååm,Klint,Klänt,,Oudere noome,deleted_variant,keep deleted,high,unknown,"spelling variant of kept ""Klant"" (mooring)",646
678,Wäärwe än latj krååm,Klindt,Klänt,,Oudere noome,deleted_variant,keep deleted,high,unknown,"spelling variant of kept ""Klant"" (mooring)",647
679,Wäärwe än latj krååm,Klostermitteldeich,Kloostermäldik,,Oudere noome,deleted_variant,keep deleted,high,unknown,"spelling variant of kept ""Kloostermaldik"" (mooring)",648
683,Wäärwe än latj krååm,Korndeich,Koorndik,,Mooring,deleted_variant,keep deleted,high,unknown,"spelling variant of kept ""Korndik"" (mooring)",652
694,Wäärwe än latj krååm,Lund,de Lün,,Oudere noome,deleted_variant,keep deleted,high,nordgoes,"spelling variant of kept ""e Lün"" (mooring)",663
727,Wäärwe än latj krååm,Rethdeich,Raiddik,,Oudere noome,deleted_variant,keep deleted,high,unknown,"spelling variant of kept ""Räiddik"" (mooring)",696
728,Wäärwe än latj krååm,Riesbüll,Riisbel,,Oudere noome,deleted_variant,keep deleted,high,unknown,"spelling variant of kept ""Risbel"" (mooring)",697
76,Steeden än doorpe (implicit),Froddegaard,Frodeguurd,,Oudere noome,deleted_variant,mooring,high,unknown,"spelling variant of kept ""Froodeguurd"" (mooring)",78
798,Wååder,Der Heeg,di Heege,,Mooring,deleted_variant,hallig,high,hallig,"spelling variant of kept ""e Heege"" (mooring)",759
80,Steeden än doorpe (implicit),Tinningstedt,Täningstää,,Oudere noome,lost_by_script,wieding,high,karrhard,"drop_older_column.py: dropped as an alternative Mooring spelling; spelling variant of kept ""Taningstää"" (mooring)",82
87,Steeden än doorpe (implicit),Ründel,de Rünel,,Oudere noome,lost_by_script,karrhard,high,karrhard,"drop_older_column.py: dropped as an alternative Mooring spelling; spelling variant of kept ""e Rünel"" (mooring)",89
94,Steeden än doorpe (implicit),Klintum,Kläntem,,Oudere noome,lost_by_script,karrhard,high,karrhard,"drop_older_column.py: dropped as an alternative Mooring spelling; spelling variant of kept ""Klantem"" (mooring)",96
97,Steeden än doorpe (implicit),Spölbek,Späilbäk,,Mooring,lost_by_script,karrhard,high,karrhard,"drop_older_column.py: dropped as an alternative Mooring spelling; spelling variant of kept ""Späilbak"" (mooring)",99
,,Peterswarft,Paadersweerw,,Oudere noome,lost_by_script,local,medium,mooring,drop_older_column.py: dropped as an alternative Mooring spelling; Mooring area; reads like an alternative Mooring spelling; -weerw/-weerf→Hallig/Harde; long-vowel doubling; area from hint Dagebüll,516
104,Steeden än doorpe (implicit),Enge-Sande,Ding-de-Sönj,,Mooring,lost_by_script,karrhard,medium,karrhard,"drop_older_column.py: dropped as an alternative Mooring spelling; Mooring-column variant, place lies in karrhard; å/ä/ö/ü→Mooring; area from OSM match",106
107,Steeden än doorpe (implicit),Engerheide,Ding Hii,,Mooring,deleted_variant,karrhard,medium,karrhard,"Mooring-column variant, place lies in karrhard; long-vowel doubling; area from neighbouring rows",109
117,Steeden än doorpe (implicit),Ladelund,Lååselönj,,Mooring,deleted_variant,keep deleted,medium,karrhard,"Mooring-column variant, place lies in karrhard; å/ä/ö/ü→Mooring; area from OSM match",119
138,Steeden än doorpe (implicit),Lütjenholm,Latjhoulem,,Mooring,deleted_variant,keep deleted,medium,nordgoes,"Mooring-column variant, place lies in nordgoes; area from OSM match",140
148,Steeden än doorpe (implicit),Margarethenberg,Margarethenbärj,,Mooring,deleted_variant,keep deleted,medium,nordgoes,"Mooring-column variant, place lies in nordgoes; å/ä/ö/ü→Mooring; area from OSM match",150
160,Steeden än doorpe (implicit),Riddorf,Riderup,,Mooring,deleted_variant,keep deleted,medium,nordgoes,"Mooring-column variant, place lies in nordgoes; area from OSM match",162
339,Steeden än doorpe (implicit),Amsterdam,Amsterdam,,Mooring,deleted_row,keep deleted,medium,unknown,"sheet row has no counterpart in the list; the variant is identical to the German name -- a sheet artefact, not a Frisian name",
355,Kuuge,Bredstedter Koog,Bräistinger Kuuch,,Mooring,deleted_variant,keep deleted,medium,nordgoes,"Mooring-column variant, place lies in nordgoes; å/ä/ö/ü→Mooring; long-vowel doubling; area from OSM name lookup",341
374,Kuuge,Juliane-Marien-Koog,Juljåånen-Kuuch,,Oudere noome,lost_by_script,keep deleted,medium,mooring,drop_older_column.py: dropped as an alternative Mooring spelling; Mooring area; reads like an alternative Mooring spelling; å/ä/ö/ü→Mooring; long-vowel doubling; area from OSM match,359
389,Kuuge,Beltringharder Koog,Beltringhiirder Kuuch,,Mooring,deleted_variant,keep deleted,medium,suedgoes,"Mooring-column variant, place lies in suedgoes; long-vowel doubling; area from OSM match",374
426,Kuuge,Rickelsbüller Koog,Rikelsbelinge Kuuch,,Mooring,deleted_variant,keep deleted,medium,wieding,"Mooring-column variant, place lies in wieding; long-vowel doubling; area from OSM match",412
46,Steeden än doorpe (implicit),Neukirchen,Naischörsbel,,Mooring,deleted_variant,keep deleted,medium,wieding,"Mooring-column variant, place lies in wieding; å/ä/ö/ü→Mooring; area from OSM match",47
46,Steeden än doorpe (implicit),Neukirchen,Naischöspel,,Mooring,deleted_variant,keep deleted,medium,wieding,"Mooring-column variant, place lies in wieding; å/ä/ö/ü→Mooring; area from OSM match",47
525,Wäärwe än latj krååm,Lütt-Jens-Warft,Lätj-Jäns-Weerw,,Oudere noome,lost_by_script,local,medium,mooring,drop_older_column.py: dropped as an alternative Mooring spelling; Mooring area; reads like an alternative Mooring spelling; -weerw/-weerf→Hallig/Harde; å/ä/ö/ü→Mooring; long-vowel doubling; area from hint Fahretoft,495
528,Wäärwe än latj krååm,Tudenswarft,Tuunsweerw,,Mooring,deleted_variant,local,medium,mooring,Mooring area; reads like an alternative Mooring spelling; -wäärw→Mooring; å/ä/ö/ü→Mooring; long-vowel doubling; area from OSM match,498
529,Wäärwe än latj krååm,Gabrielswarft,Goobrielsweerw,,Mooring,deleted_variant,local,medium,mooring,Mooring area; reads like an alternative Mooring spelling; -weerw/-weerf→Hallig/Harde; long-vowel doubling; area from OSM match,499
529,Wäärwe än latj krååm,Gabrielswarft,Gawenswäärw,,Oudere noome,deleted_variant,keep deleted,medium,mooring,Mooring area; reads like an alternative Mooring spelling; -wäärw→Mooring; å/ä/ö/ü→Mooring; area from OSM match,499
529,Wäärwe än latj krååm,Gabrielswarft,Gåbrielswäärw,,Oudere noome,deleted_variant,keep deleted,medium,mooring,Mooring area; reads like an alternative Mooring spelling; -wäärw→Mooring; å/ä/ö/ü→Mooring; area from OSM match,499
543,Wäärwe än latj krååm,Jenswarft,Jänswäärw,,Mooring,deleted_variant,local,medium,mooring,Mooring area; reads like an alternative Mooring spelling; -wäärw→Mooring; å/ä/ö/ü→Mooring; area from OSM match,513
544,Wäärwe än latj krååm,Koogswarft,Kuuchweerw,,Oudere noome,deleted_variant,keep deleted,medium,mooring,Mooring area; reads like an alternative Mooring spelling; -weerw/-weerf→Hallig/Harde; long-vowel doubling; area from OSM match,514
548,Wäärwe än latj krååm,Rickelsbüll,Rikelsbel,,Mooring,deleted_variant,keep deleted,medium,wieding,"Mooring-column variant, place lies in wieding; area from OSM match",519
62,Steeden än doorpe (implicit),Lindholm,Lunhalm,,Oudere noome,deleted_variant,keep deleted,medium,mooring,Mooring area; reads like an alternative Mooring spelling; area from OSM match,63
629,Wäärwe än latj krååm,Altendeich,Üüljdik,,Mooring,deleted_variant,keep deleted,medium,nordgoes,"Mooring-column variant, place lies in nordgoes; å/ä/ö/ü→Mooring; area from OSM name lookup",598
64,Steeden än doorpe (implicit),Die Gath,e Gåås,,Mooring,deleted_variant,keep deleted,medium,mooring,Mooring area; reads like an alternative Mooring spelling; article e→Mooring; å/ä/ö/ü→Mooring; area from neighbouring rows,66
67,Steeden än doorpe (implicit),Uhlebüll,Uulebel,,Oudere noome,deleted_variant,keep deleted,medium,mooring,Mooring area; reads like an alternative Mooring spelling; long-vowel doubling; area from OSM match,69
696,Wäärwe än latj krååm,Lüttmoorsiel,Latj Moor Sil,,Mooring,deleted_variant,mooring,medium,nordgoes,"Mooring-column variant, place lies in nordgoes; long-vowel doubling; area from neighbouring rows",665
703,Wäärwe än latj krååm,Moordeich,Måårdik,,Oudere noome,deleted_variant,keep deleted,medium,mooring,Mooring area; reads like an alternative Mooring spelling; å/ä/ö/ü→Mooring; area from OSM match,672
71,Steeden än doorpe (implicit),Galmsbüll,Galmsbel,,Mooring,deleted_variant,keep deleted,medium,wieding,"Mooring-column variant, place lies in wieding; area from OSM match",73
72,Steeden än doorpe (implicit),Neugalmsbüll,Naigalmsbel,,Mooring,deleted_variant,keep deleted,medium,wieding,"Mooring-column variant, place lies in wieding; area from OSM match",74
789,Loonschape / Härtuchdoomer ...,Brandenburg,Brandenburj,,Mooring,deleted_variant,keep deleted,medium,suedgoes,"Mooring-column variant, place lies in suedgoes; area from OSM name lookup",754
809,Wååder,Bottschlott,Butsluut,,Oudere noome,lost_by_script,local,medium,mooring,drop_older_column.py: dropped as an alternative Mooring spelling; Mooring area; reads like an alternative Mooring spelling; long-vowel doubling; area from OSM name lookup,770
809,Wååder,Bottschlott,Bopslüütj,,Oudere noome,lost_by_script,keep deleted,medium,mooring,drop_older_column.py: dropped as an alternative Mooring spelling; Mooring area; reads like an alternative Mooring spelling; å/ä/ö/ü→Mooring; area from OSM name lookup,770
20,Steeden än doorpe (implicit),Sibbershusum,Sibershüsem,,Oudere noome,deleted_variant,keep deleted,low,unknown,area unknown; reads like an alternative Mooring spelling; å/ä/ö/ü→Mooring,20
228,Steeden än doorpe (implicit),Friedrichstadt,Freederjstää,,Mooring,deleted_variant,keep deleted,low,unknown,area unknown; reads like an alternative Mooring spelling; å/ä/ö/ü→Mooring; long-vowel doubling,233
236,Steeden än doorpe (implicit),Kleihörn,Kloiheern,,Oudere noome,lost_by_script,keep deleted,low,unknown,drop_older_column.py: dropped as an alternative Mooring spelling; area unknown; reads like an alternative Mooring spelling; long-vowel doubling,241
241,Steeden än doorpe (implicit),Welt,Wäilt,,Oudere noome,lost_by_script,suedgoes,low,unknown,drop_older_column.py: dropped as an alternative Mooring spelling; area unknown; reads like an alternative Mooring spelling; å/ä/ö/ü→Mooring,246
243,Steeden än doorpe (implicit),Garding,Gaarn,,Oudere noome,lost_by_script,keep deleted,low,unknown,drop_older_column.py: dropped as an alternative Mooring spelling; area unknown; reads like an alternative Mooring spelling; long-vowel doubling,248
251,Steeden än doorpe (implicit),Simonsberg,Siimensbeeri,,Oudere noome,lost_by_script,suedgoes,low,unknown,drop_older_column.py: dropped as an alternative Mooring spelling; area unknown; reads like an alternative Mooring spelling; long-vowel doubling,256
260,Steeden än doorpe (implicit),Süderhafen,Süürhuuwen,,Oudere noome,lost_by_script,suedgoes,low,unknown,drop_older_column.py: dropped as an alternative Mooring spelling; area unknown; reads like an alternative Mooring spelling; å/ä/ö/ü→Mooring; long-vowel doubling,264
321,Steeden än doorpe (implicit),,Ålburj,,Mooring,deleted_variant,keep deleted,low,unknown,area unknown; reads like an alternative Mooring spelling; å/ä/ö/ü→Mooring,316
327,Steeden än doorpe (implicit),Tondern,Latj Tuner,,Oudere noome,lost_by_script,keep deleted,low,unknown,drop_older_column.py: dropped as an alternative Mooring spelling; area unknown; reads like an alternative Mooring spelling,322
328,Steeden än doorpe (implicit),Lügumkloster,Kloorster,,Oudere noome,lost_by_script,wieding,low,unknown,drop_older_column.py: dropped as an alternative Mooring spelling; area unknown; reads like an alternative Mooring spelling; long-vowel doubling,323
330,Steeden än doorpe (implicit),Kopenhagen,Kuupenhåågen,,Oudere noome,lost_by_script,keep deleted,low,unknown,drop_older_column.py: dropped as an alternative Mooring spelling; area unknown; reads like an alternative Mooring spelling; å/ä/ö/ü→Mooring; long-vowel doubling,325
333,Steeden än doorpe (implicit),Glücksburg,Loksborj,,Oudere noome,deleted_variant,wieding,low,unknown,area unknown; reads like an alternative Mooring spelling,328
335,Steeden än doorpe (implicit),Rendsburg,Randsburj,,Oudere noome,deleted_variant,keep deleted,low,unknown,area unknown; reads like an alternative Mooring spelling,330
336,Steeden än doorpe (implicit),Kiel,Keel,,Mooring,deleted_variant,keep deleted,low,unknown,area unknown; reads like an alternative Mooring spelling; long-vowel doubling,331
338,Steeden än doorpe (implicit),Hamburg,Hamburj,,Oudere noome,lost_by_script,keep deleted,low,unknown,migrate_dialect_columns.py: unsorted -> note; area unknown; reads like an alternative Mooring spelling,333
354,Kuuge,Deezbüller Kornkoog; Westermooringer Kornkoog,Deesbelnge Koornkuuch,,Mooring,deleted_variant,keep deleted,low,unknown,area unknown; reads like an alternative Mooring spelling; long-vowel doubling,340
356,Kuuge,Gotteskoog,Gotskuuch,,Oudere noome,deleted_variant,wieding,low,unknown,area unknown; reads like an alternative Mooring spelling; long-vowel doubling,342
360,Kuuge,Neuer Christian-Albrechts-Koog,Naie Krisen-Albrechen-Kuug,,Mooring,deleted_variant,keep deleted,low,unknown,area unknown; reads like an alternative Mooring spelling; long-vowel doubling,346
363,Kuuge,Alter Sterdebüller Koog,Steerdeblinge Üülje Kuuch,,Mooring,deleted_variant,keep deleted,low,unknown,area unknown; reads like an alternative Mooring spelling; å/ä/ö/ü→Mooring; long-vowel doubling,349
363,Kuuge,Alter Sterdebüller Koog,Steerdebeler Uule Kuuch,,Oudere noome,lost_by_script,keep deleted,low,unknown,drop_older_column.py: dropped as an alternative Mooring spelling; area unknown; reads like an alternative Mooring spelling; long-vowel doubling,349
364,Kuuge,Neuer Sterdebüller Koog,Steerdeblinge Naie Kuuch,,Mooring,deleted_variant,keep deleted,low,unknown,area unknown; reads like an alternative Mooring spelling; long-vowel doubling,350
371,Kuuge,Hundebüllerkoog,Hüneblinge kuuch,,Mooring,deleted_variant,keep deleted,low,unknown,area unknown; reads like an alternative Mooring spelling; å/ä/ö/ü→Mooring; long-vowel doubling,357
373,Kuuge,Dagebüller Koog,Doogebeler Kuuch,,Oudere noome,deleted_variant,keep deleted,low,unknown,area unknown; reads like an alternative Mooring spelling; long-vowel doubling,358
376,Kuuge,Klixbüller Koog,Klasblinger Kuuch,,Mooring,deleted_variant,keep deleted,low,unknown,area unknown; reads like an alternative Mooring spelling; long-vowel doubling,361
377,Kuuge,Kornkoog,Eekerkuuch,,Oudere noome,lost_by_script,keep deleted,low,unknown,drop_older_column.py: dropped as an alternative Mooring spelling; area unknown; reads like an alternative Mooring spelling; long-vowel doubling,362
378,Kuuge,Langenhorner Alter Koog,Horninger Üülje Kuuch,,Mooring,deleted_variant,keep deleted,low,unknown,area unknown; reads like an alternative Mooring spelling; å/ä/ö/ü→Mooring; long-vowel doubling,363
378,Kuuge,Langenhorner Alter Koog,Hoorninger Uule Kuuch,,Oudere noome,lost_by_script,nordgoes,low,unknown,drop_older_column.py: dropped as an alternative Mooring spelling; area unknown; reads like an alternative Mooring spelling; long-vowel doubling,363
379,Kuuge,Langenhorner Neuer Koog,Horninger Naie Kuuch,,Mooring,deleted_variant,keep deleted,low,unknown,area unknown; reads like an alternative Mooring spelling; long-vowel doubling,364
379,Kuuge,Langenhorner Neuer Koog,Hoorninger Naie Kuuch,,Oudere noome,lost_by_script,nordgoes,low,unknown,drop_older_column.py: dropped as an alternative Mooring spelling; area unknown; reads like an alternative Mooring spelling; long-vowel doubling,364
385,Kuuge,Wiedingharder Alter Koog,Wiringhiirder Uuile Kuuch,,Oudere noome,lost_by_script,wieding,low,unknown,drop_older_column.py: dropped as an alternative Mooring spelling; area unknown; reads like an alternative Mooring spelling; long-vowel doubling,370
398,Kuuge,Galmbüllkuuch,Galmsbelkuuch,,Mooring,deleted_variant,keep deleted,low,unknown,area unknown; reads like an alternative Mooring spelling; long-vowel doubling,384
399,Kuuge,Großer Koog,Grote Kuuch,,Oudere noome,lost_by_script,wieding,low,unknown,drop_older_column.py: dropped as an alternative Mooring spelling; area unknown; reads like an alternative Mooring spelling; long-vowel doubling,385
400,Kuuge,Grothusenkoog,Grothüsem Kuuch,,Oudere noome,deleted_variant,wieding,low,unknown,area unknown; reads like an alternative Mooring spelling; å/ä/ö/ü→Mooring; long-vowel doubling,386
402,Kuuge,Hattstedter Neuer Koog,Haatstinger Naie Kuuch,,Oudere noome,deleted_variant,suedgoes,low,unknown,area unknown; reads like an alternative Mooring spelling; long-vowel doubling,388
410,Kuuge,Kleiner Koog,Läitje Kuuch,,Oudere noome,lost_by_script,nordgoes,low,unknown,drop_older_column.py: dropped as an alternative Mooring spelling; area unknown; reads like an alternative Mooring spelling; å/ä/ö/ü→Mooring; long-vowel doubling,396
411,Kuuge,Kleiner Norderkoog,Läitje Noorderkuuch,,Oudere noome,lost_by_script,nordgoes,low,unknown,drop_older_column.py: dropped as an alternative Mooring spelling; area unknown; reads like an alternative Mooring spelling; å/ä/ö/ü→Mooring; long-vowel doubling,397
415,Kuuge,Marschkoog,Määrschkuuch,,Oudere noome,lost_by_script,suedgoes,low,unknown,drop_older_column.py: dropped as an alternative Mooring spelling; area unknown; reads like an alternative Mooring spelling; å/ä/ö/ü→Mooring; long-vowel doubling,401
416,Kuuge,Mittelster Koog,Mälste Kuuch,,Oudere noome,lost_by_script,nordgoes,low,unknown,drop_older_column.py: dropped as an alternative Mooring spelling; area unknown; reads like an alternative Mooring spelling; å/ä/ö/ü→Mooring; long-vowel doubling,402
421,Kuuge,Ockholmer Koog,Hoolmer Kuuch,,Oudere noome,lost_by_script,nordgoes,low,unknown,drop_older_column.py: dropped as an alternative Mooring spelling; area unknown; reads like an alternative Mooring spelling; long-vowel doubling,407
422,Kuuge,Oldenkoog,Uule Kuuch,,Oudere noome,lost_by_script,nordgoes,low,unknown,drop_older_column.py: dropped as an alternative Mooring spelling; area unknown; reads like an alternative Mooring spelling; long-vowel doubling,408
428,Kuuge,Simonsbergerkoog,Siimensbeerier Kuuch,,Oudere noome,lost_by_script,suedgoes,low,unknown,drop_older_column.py: dropped as an alternative Mooring spelling; area unknown; reads like an alternative Mooring spelling; long-vowel doubling,414
432,Kuuge,Süderfriedrichskoog,Süürfriidrichenkuuch,,Oudere noome,lost_by_script,suedgoes,low,unknown,drop_older_column.py: dropped as an alternative Mooring spelling; area unknown; reads like an alternative Mooring spelling; å/ä/ö/ü→Mooring; long-vowel doubling,418
433,Kuuge,Süderheverkoog,Süürheewerkuuch,,Oudere noome,lost_by_script,suedgoes,low,unknown,drop_older_column.py: dropped as an alternative Mooring spelling; area unknown; reads like an alternative Mooring spelling; å/ä/ö/ü→Mooring; long-vowel doubling,419
437,Kuuge,Uelvesbüller Koog,Ülwesbeler Kuuch,,Oudere noome,lost_by_script,keep deleted,low,unknown,drop_older_column.py: dropped as an alternative Mooring spelling; area unknown; reads like an alternative Mooring spelling; å/ä/ö/ü→Mooring; long-vowel doubling,422
438,Kuuge,Wallsbüller Koog,Wåålsbeler Kuuch,,Oudere noome,deleted_variant,keep deleted,low,unknown,area unknown; reads like an alternative Mooring spelling; å/ä/ö/ü→Mooring; long-vowel doubling,423
446,Hiirde,Wiedingharde,Wiringhiird,,Oudere noome,lost_by_script,wieding,low,unknown,drop_older_column.py: dropped as an alternative Mooring spelling; area unknown; reads like an alternative Mooring spelling; long-vowel doubling,427
449,Hiirde,Südergoesharde,Süürgooshiird,,Oudere noome,lost_by_script,suedgoes,low,unknown,drop_older_column.py: dropped as an alternative Mooring spelling; area unknown; reads like an alternative Mooring spelling; å/ä/ö/ü→Mooring; long-vowel doubling,430
452,Hiirde,Beltringharde,Beltringhiird,,Oudere noome,lost_by_script,keep deleted,low,unknown,drop_older_column.py: dropped as an alternative Mooring spelling; area unknown; reads like an alternative Mooring spelling; long-vowel doubling,433
459,"Hålie, ailönje än sönje",Amrum,Oomram,,Oudere noome,lost_by_script,oomrang,low,unknown,drop_older_column.py: dropped as an alternative Mooring spelling; area unknown; reads like an alternative Mooring spelling; long-vowel doubling,436
464,"Hålie, ailönje än sönje",Pellworm,Pelwäärm,,Mooring,deleted_variant,keep deleted,low,unknown,area unknown; reads like an alternative Mooring spelling; å/ä/ö/ü→Mooring,441
464,"Hålie, ailönje än sönje",Pellworm,Pelwärm,,Oudere noome,lost_by_script,keep deleted,low,unknown,migrate_dialect_columns.py: unsorted -> note; area unknown; reads like an alternative Mooring spelling; å/ä/ö/ü→Mooring,441
464,"Hålie, ailönje än sönje",Pellworm,Polwäärm,,Oudere noome,lost_by_script,keep deleted,low,unknown,migrate_dialect_columns.py: unsorted -> note; area unknown; reads like an alternative Mooring spelling; å/ä/ö/ü→Mooring,441
465,"Hålie, ailönje än sönje",Nordstrand,Noordströön,,Oudere noome,deleted_variant,keep deleted,low,unknown,area unknown; reads like an alternative Mooring spelling; å/ä/ö/ü→Mooring; long-vowel doubling,442
465,"Hålie, ailönje än sönje",Nordstrand,Nordströnj,,Oudere noome,deleted_variant,keep deleted,low,unknown,area unknown; reads like an alternative Mooring spelling; å/ä/ö/ü→Mooring,442
465,"Hålie, ailönje än sönje",Nordstrand,de Ströön,,Oudere noome,lost_by_script,hallig,low,unknown,drop_older_column.py: dropped as an alternative Mooring spelling; area unknown; reads like an alternative Mooring spelling; article de→Hallig/Fering; å/ä/ö/ü→Mooring,442
475,"Hålie, ailönje än sönje",Beenshallig; Behnshallig,Beensens Håli,,Mooring,deleted_variant,keep deleted,low,unknown,area unknown; reads like an alternative Mooring spelling; å/ä/ö/ü→Mooring; long-vowel doubling,452
483,"Hålie, ailönje än sönje",Jordsand,Joortsön,,Oudere noome,lost_by_script,solring,low,unknown,drop_older_column.py: dropped as an alternative Mooring spelling; area unknown; reads like an alternative Mooring spelling; å/ä/ö/ü→Mooring; long-vowel doubling,460
485,"Hålie, ailönje än sönje",Rocheley Sand,Rochenlai Söön,,Oudere noome,lost_by_script,hallig,low,unknown,drop_older_column.py: dropped as an alternative Mooring spelling; area unknown; reads like an alternative Mooring spelling; å/ä/ö/ü→Mooring,462
495,"Hålie, ailönje än sönje",Hasenhallig,Håårehåli,,Oudere noome,deleted_variant,wieding,low,unknown,area unknown; reads like an alternative Mooring spelling; å/ä/ö/ü→Mooring,471
498,"Hålie, ailönje än sönje",Westerheversand,Weesterheewersoun,,Oudere noome,deleted_variant,nordgoes,low,unknown,area unknown; reads like an alternative Mooring spelling; long-vowel doubling,474
53,Steeden än doorpe (implicit),Bevertoft,Bäärtoft,,Oudere noome,lost_by_script,wieding,low,unknown,drop_older_column.py: dropped as an alternative Mooring spelling; area unknown; reads like an alternative Mooring spelling; å/ä/ö/ü→Mooring,54
537,Wäärwe än latj krååm,Norderwaygard,Noorder-Woiguurd,,Oudere noome,deleted_variant,local,low,unknown,area unknown; reads like an alternative Mooring spelling; long-vowel doubling,507
538,Wäärwe än latj krååm,Süderwaygard,Sööder-Woiguurd,,Oudere noome,deleted_variant,local,low,unknown,area unknown; reads like an alternative Mooring spelling; å/ä/ö/ü→Mooring; long-vowel doubling,508
54,Steeden än doorpe (implicit),Süd-Bevertoft,Sörbäärtoft,,Oudere noome,lost_by_script,wieding,low,unknown,drop_older_column.py: dropped as an alternative Mooring spelling; area unknown; reads like an alternative Mooring spelling; å/ä/ö/ü→Mooring,55
562,Wäärwe än latj krååm,Eiberg,Oibäärch,,Oudere noome,lost_by_script,midgoes,low,unknown,drop_older_column.py: dropped as an alternative Mooring spelling; area unknown; reads like an alternative Mooring spelling; å/ä/ö/ü→Mooring,533
579,Wäärwe än latj krååm,Nickelswarft,Nikelsweerw,,Oudere noome,deleted_variant,keep deleted,low,unknown,area unknown; reads like an alternative Mooring spelling; -weerw/-weerf→Hallig/Harde; long-vowel doubling,550
580,Wäärwe än latj krååm,Heideberg,Hiignube,,Oudere noome,deleted_variant,karrhard,low,karrhard,area unknown; reads like an alternative Mooring spelling; long-vowel doubling,551
581,Wäärwe än latj krååm,Hengst,de Hingst,,Oudere noome,deleted_variant,keep deleted,low,unknown,area unknown; reads like an alternative Mooring spelling; article de→Hallig/Fering,552
591,Wäärwe än latj krååm,Merlingmark; Merlingfeld,Märlingmoarke,,Oudere noome,deleted_variant,wieding,low,unknown,area unknown; reads like an alternative Mooring spelling; å/ä/ö/ü→Mooring; oa/ea/ia→Halunder/Hallig/Fering,561
612,Wäärwe än latj krååm,Schmalfeld,Småålfäil,,Oudere noome,deleted_variant,keep deleted,low,unknown,area unknown; reads like an alternative Mooring spelling; å/ä/ö/ü→Mooring; -feel/-fäil→Goesharde/Karrharde,581
620,Wäärwe än latj krååm,Wange,E Wong,,Oudere noome,deleted_variant,keep deleted,low,unknown,area unknown; reads like an alternative Mooring spelling; article e→Mooring,589
622,Wäärwe än latj krååm,Westermühlenhaus,Weerstermjilenhüs,,Oudere noome,deleted_variant,wieding,low,unknown,area unknown; reads like an alternative Mooring spelling; å/ä/ö/ü→Mooring; long-vowel doubling,591
628,Wäärwe än latj krååm,Alt Gardingdeich,Uule Gaardingdik,,Oudere noome,lost_by_script,keep deleted,low,unknown,drop_older_column.py: dropped as an alternative Mooring spelling; area unknown; reads like an alternative Mooring spelling; long-vowel doubling,597
631,Wäärwe än latj krååm,Aarlau Schleuse,Arluu Slüs,,Oudere noome,lost_by_script,suedgoes,low,unknown,drop_older_column.py: dropped as an alternative Mooring spelling; area unknown; reads like an alternative Mooring spelling; å/ä/ö/ü→Mooring; long-vowel doubling,600
633,Wäärwe än latj krååm,Bollingwarft,Bolingweerw,,Oudere noome,deleted_variant,keep deleted,low,unknown,area unknown; reads like an alternative Mooring spelling; -weerw/-weerf→Hallig/Harde; long-vowel doubling,602
642,Wäärwe än latj krååm,Dingsbülldeich,Dingsbeldik,,Mooring,deleted_variant,keep deleted,low,unknown,area unknown; reads like an alternative Mooring spelling,611
643,Wäärwe än latj krååm,Dreihardereck; Dreiharde Eck,Träihiirdsaaker,,Oudere noome,lost_by_script,wieding,low,wieding,drop_older_column.py: dropped as an alternative Mooring spelling; area unknown; reads like an alternative Mooring spelling; å/ä/ö/ü→Mooring; long-vowel doubling,612
644,Wäärwe än latj krååm,Dreimühlen,Träimeelne,,Oudere noome,deleted_variant,wieding,low,unknown,area unknown; reads like an alternative Mooring spelling; å/ä/ö/ü→Mooring; long-vowel doubling,613
661,Wäärwe än latj krååm,Holmer Siel,Hoolmer Sil,,Oudere noome,deleted_variant,suedgoes,low,unknown,area unknown; reads like an alternative Mooring spelling; long-vowel doubling,630
666,Wäärwe än latj krååm,Jacobswarft,Jokepsweerw,,Oudere noome,deleted_variant,keep deleted,low,unknown,area unknown; reads like an alternative Mooring spelling; -weerw/-weerf→Hallig/Harde; long-vowel doubling,635
667,Wäärwe än latj krååm,Jüggersmarsch,Jükersmērsk,,Oudere noome,lost_by_script,solring,low,unknown,drop_older_column.py: dropped as an alternative Mooring spelling; area unknown; reads like an alternative Mooring spelling; macron→Sölring; å/ä/ö/ü→Mooring,636
676,Wäärwe än latj krååm,Klerenbüll,Kleerenbel,,Mooring,deleted_variant,keep deleted,low,unknown,area unknown; reads like an alternative Mooring spelling; long-vowel doubling,645
68,Steeden än doorpe (implicit),Risummoor,e Mååre,,Mooring,deleted_variant,keep deleted,low,unknown,area unknown; reads like an alternative Mooring spelling; article e→Mooring; å/ä/ö/ü→Mooring,70
68,Steeden än doorpe (implicit),Risummoor,e Maure,,Oudere noome,deleted_variant,keep deleted,low,unknown,area unknown; reads like an alternative Mooring spelling; article e→Mooring,70
680,Wäärwe än latj krååm,Knutzenswarft,Knudsensweerw,,Oudere noome,deleted_variant,keep deleted,low,unknown,area unknown; reads like an alternative Mooring spelling; -weerw/-weerf→Hallig/Harde; long-vowel doubling,649
686,Wäärwe än latj krååm,Oster-Langenhornfeld,Aasterhoorningerfäil,,Oudere noome,lost_by_script,nordgoes,low,nordgoes,drop_older_column.py: dropped as an alternative Mooring spelling; area unknown; reads like an alternative Mooring spelling; å/ä/ö/ü→Mooring; -feel/-fäil→Goesharde/Karrharde; long-vowel doubling,655
687,Wäärwe än latj krååm,Wester-Langenhornfeld,Weesterhoorningerfäil,,Oudere noome,lost_by_script,nordgoes,low,nordgoes,drop_older_column.py: dropped as an alternative Mooring spelling; area unknown; reads like an alternative Mooring spelling; å/ä/ö/ü→Mooring; -feel/-fäil→Goesharde/Karrharde; long-vowel doubling,656
69,Steeden än doorpe (implicit),Ostermoor,e Ååstermååre,,Oudere noome,deleted_variant,keep deleted,low,unknown,area unknown; reads like an alternative Mooring spelling; article e→Mooring; å/ä/ö/ü→Mooring,71
690,Wäärwe än latj krååm,Loheiderfeld,Lohiifäil,,Oudere noome,lost_by_script,nordgoes,low,nordgoes,drop_older_column.py: dropped as an alternative Mooring spelling; area unknown; reads like an alternative Mooring spelling; å/ä/ö/ü→Mooring; -feel/-fäil→Goesharde/Karrharde; long-vowel doubling,659
691,Wäärwe än latj krååm,Löwenstedtfeld,Jöömstfeel,,Oudere noome,lost_by_script,midgoes,low,unknown,drop_older_column.py: dropped as an alternative Mooring spelling; area unknown; reads like an alternative Mooring spelling; å/ä/ö/ü→Mooring; -feel/-fäil→Goesharde/Karrharde; long-vowel doubling,660
70,Steeden än doorpe (implicit),Westermoor,e Weestermååre,,Oudere noome,deleted_variant,keep deleted,low,unknown,area unknown; reads like an alternative Mooring spelling; article e→Mooring; å/ä/ö/ü→Mooring; long-vowel doubling,72
701,Wäärwe än latj krååm,Mittelfeld,Mädfäil,,Oudere noome,deleted_variant,nordgoes,low,unknown,area unknown; reads like an alternative Mooring spelling; å/ä/ö/ü→Mooring; -feel/-fäil→Goesharde/Karrharde,670
702,Wäärwe än latj krååm,Mönkebüllfeld,Mönkebelfäil,,Oudere noome,deleted_variant,nordgoes,low,unknown,area unknown; reads like an alternative Mooring spelling; å/ä/ö/ü→Mooring; -feel/-fäil→Goesharde/Karrharde,671
713,Wäärwe än latj krååm,Norstedtfeld,Noorstfeel,,Oudere noome,deleted_variant,midgoes,low,unknown,area unknown; reads like an alternative Mooring spelling; -feel/-fäil→Goesharde/Karrharde; long-vowel doubling,682
714,Wäärwe än latj krååm,Ohrstedtfeld,Uurstfeel,,Oudere noome,deleted_variant,suedgoes,low,unknown,area unknown; reads like an alternative Mooring spelling; -feel/-fäil→Goesharde/Karrharde; long-vowel doubling,683
715,Wäärwe än latj krååm,Olderupfeld,Åldropfeel,,Oudere noome,deleted_variant,suedgoes,low,unknown,area unknown; reads like an alternative Mooring spelling; å/ä/ö/ü→Mooring; -feel/-fäil→Goesharde/Karrharde; long-vowel doubling,684
716,Wäärwe än latj krååm,Ostenaufeld,Aastenuufeel,,Oudere noome,deleted_variant,suedgoes,low,unknown,area unknown; reads like an alternative Mooring spelling; -feel/-fäil→Goesharde/Karrharde; long-vowel doubling,685
717,Wäärwe än latj krååm,Ostenfeldfeld,Aastenfäilfäil,,Oudere noome,deleted_variant,suedgoes,low,unknown,area unknown; reads like an alternative Mooring spelling; å/ä/ö/ü→Mooring; -feel/-fäil→Goesharde/Karrharde; long-vowel doubling,686
725,Wäärwe än latj krååm,Rantrumdeich,Rånteremdik,,Oudere noome,deleted_variant,suedgoes,low,unknown,area unknown; reads like an alternative Mooring spelling; å/ä/ö/ü→Mooring,694
726,Wäärwe än latj krååm,Rantrumfeld,Rånteremfeel,,Oudere noome,deleted_variant,suedgoes,low,unknown,area unknown; reads like an alternative Mooring spelling; å/ä/ö/ü→Mooring; -feel/-fäil→Goesharde/Karrharde; long-vowel doubling,695
730,Wäärwe än latj krååm,Rödemisfeld,Röömsfeel,,Oudere noome,deleted_variant,suedgoes,low,unknown,area unknown; reads like an alternative Mooring spelling; å/ä/ö/ü→Mooring; -feel/-fäil→Goesharde/Karrharde; long-vowel doubling,699
733,Wäärwe än latj krååm,Sandwehle,Sounwäil,,Oudere noome,deleted_variant,nordgoes,low,unknown,area unknown; reads like an alternative Mooring spelling; å/ä/ö/ü→Mooring,702
734,Wäärwe än latj krååm,Sandkrug,Sounkrouch,,Oudere noome,deleted_variant,nordgoes,low,unknown,area unknown; reads like an alternative Mooring spelling,703
735,Wäärwe än latj krååm,Schardebüllfeld,Schårdebelfäil,,Oudere noome,karrhard,keep deleted,low,unknown,area unknown; reads like an alternative Mooring spelling; å/ä/ö/ü→Mooring; -feel/-fäil→Goesharde/Karrharde,704
737,Wäärwe än latj krååm,Schobüllfeld,Schööbelfeel,,Oudere noome,deleted_variant,suedgoes,low,unknown,area unknown; reads like an alternative Mooring spelling; å/ä/ö/ü→Mooring; -feel/-fäil→Goesharde/Karrharde; long-vowel doubling,706
744,Wäärwe än latj krååm,Smeerkroog,Smeerkrouch,,Oudere noome,deleted_variant,nordgoes,low,unknown,area unknown; reads like an alternative Mooring spelling; long-vowel doubling,713
745,Wäärwe än latj krååm,Soholmfeld,Såhulmfäil,,Oudere noome,deleted_variant,karrhard,low,unknown,area unknown; reads like an alternative Mooring spelling; å/ä/ö/ü→Mooring; -feel/-fäil→Goesharde/Karrharde,714
75,Steeden än doorpe (implicit),Waygaard,Woiguurd,,Mooring,lost_by_script,local,low,unknown,drop_older_column.py: dropped as an alternative Mooring spelling; area unknown; reads like an alternative Mooring spelling; long-vowel doubling,77
750,Wäärwe än latj krååm,Stadumfeld,Stååremfälj,,Oudere noome,deleted_variant,midgoes,low,unknown,area unknown; reads like an alternative Mooring spelling; å/ä/ö/ü→Mooring,719
770,Wäärwe än latj krååm,Trendermarsch,Trindermäärsch,,Oudere noome,deleted_variant,suedgoes,low,unknown,area unknown; reads like an alternative Mooring spelling; å/ä/ö/ü→Mooring,739
771,Wäärwe än latj krååm,Viölfeld,Fjåålfeel,,Oudere noome,deleted_variant,suedgoes,low,unknown,area unknown; reads like an alternative Mooring spelling; å/ä/ö/ü→Mooring; -feel/-fäil→Goesharde/Karrharde; long-vowel doubling,740
772,Wäärwe än latj krååm,Vollstedtfeld,Faalstfäil,,Oudere noome,deleted_variant,midgoes,low,unknown,area unknown; reads like an alternative Mooring spelling; å/ä/ö/ü→Mooring; -feel/-fäil→Goesharde/Karrharde; long-vowel doubling,741
807,Wååder,Aventofter See,Oowentoft Säie,,Oudere noome,lost_by_script,wieding,low,unknown,drop_older_column.py: dropped as an alternative Mooring spelling; area unknown; reads like an alternative Mooring spelling; å/ä/ö/ü→Mooring; long-vowel doubling,768
810,Wååder,Deichschlott,Diksluut,,Oudere noome,deleted_variant,nordgoes,low,unknown,area unknown; reads like an alternative Mooring spelling; long-vowel doubling,771
811,Wååder,Großer Rienschlot,Grote Riinsluuit,,Oudere noome,deleted_variant,wieding,low,unknown,area unknown; reads like an alternative Mooring spelling; long-vowel doubling,772
812,Wååder,Hoyer Tief,Huager Diip,,Oudere noome,deleted_variant,solring,low,unknown,area unknown; reads like an alternative Mooring spelling; long-vowel doubling; oa/ea/ia→Halunder/Hallig/Fering,773
821,Wååder,Oster Ley,Årster Lai,,Oudere noome,deleted_variant,wieding,low,unknown,area unknown; reads like an alternative Mooring spelling; å/ä/ö/ü→Mooring,782
821,Wååder,Oster Ley,Uaster Lai,,Oudere noome,lost_by_script,hallig,low,unknown,drop_older_column.py: dropped as an alternative Mooring spelling; area unknown; reads like an alternative Mooring spelling; oa/ea/ia→Halunder/Hallig/Fering,782
824,Wååder,Ruttebüller See,Rübel Säie,,Oudere noome,deleted_variant,wieding,low,unknown,area unknown; reads like an alternative Mooring spelling; å/ä/ö/ü→Mooring,785
830,Wååder,Wiedau,Widuu,,Oudere noome,lost_by_script,wieding,low,unknown,drop_older_column.py: dropped as an alternative Mooring spelling; area unknown; reads like an alternative Mooring spelling; long-vowel doubling,791
832,Wååder,Bundesgaarder See,Boinjesguurdsäie,,Oudere noome,lost_by_script,wieding,low,unknown,drop_older_column.py: dropped as an alternative Mooring spelling; area unknown; reads like an alternative Mooring spelling; å/ä/ö/ü→Mooring; long-vowel doubling,793
833,Wååder,Gotteskoogsee,Gotskuuchsäie,,Oudere noome,lost_by_script,wieding,low,unknown,drop_older_column.py: dropped as an alternative Mooring spelling; area unknown; reads like an alternative Mooring spelling; å/ä/ö/ü→Mooring; long-vowel doubling,794
835,Wååder,Haselund Au,Haaselün Uu,,Oudere noome,lost_by_script,midgoes,low,unknown,drop_older_column.py: dropped as an alternative Mooring spelling; area unknown; reads like an alternative Mooring spelling; å/ä/ö/ü→Mooring; long-vowel doubling,796
836,Wååder,Hesbüll Feld,Hjisbelsäie,,Oudere noome,lost_by_script,wieding,low,unknown,drop_older_column.py: dropped as an alternative Mooring spelling; area unknown; reads like an alternative Mooring spelling; å/ä/ö/ü→Mooring,797
862,Lönje,Dänemark,Dånmårk,,Mooring,deleted_variant,keep deleted,low,unknown,area unknown; reads like an alternative Mooring spelling; å/ä/ö/ü→Mooring,803
865,Lönje,England,Änglönj,,Mooring,deleted_variant,keep deleted,low,unknown,area unknown; reads like an alternative Mooring spelling; å/ä/ö/ü→Mooring,806
866,Lönje,Vereinigtes Königreich,Feriind Kiningrik,,Mooring,deleted_variant,keep deleted,low,unknown,area unknown; reads like an alternative Mooring spelling; long-vowel doubling,807
867,Lönje,Schweden,Sweeden,,Oudere noome,deleted_variant,keep deleted,low,unknown,area unknown; reads like an alternative Mooring spelling; long-vowel doubling,808
868,Lönje,Norwegen,Norweegen,,Oudere noome,deleted_variant,keep deleted,low,unknown,area unknown; reads like an alternative Mooring spelling; long-vowel doubling,809
