Mooring,Oudere noome,Adjektiiw / inbooger betiikning,oudere adjektiiwe,Tjüsch,Plååttjüsch,Dåånsch,Synnejysk,Üülje noome,Kwäl
Rübel,,rüblinge,,Ruttebüll,,Rudbøl,,,
,Roosekrans,,,Rosenkranz,,Rosenkrands,,,
Sätj,,,,,,Sæd,,,"Rüm Hart, Nis Albrecht Johannsen"
Älhood,,,,Ellhöft,,Ellehoved,,,
,Seebel,,,Seebüll,,Søbøl,,,
Löst,,,,Lyst,,,,,
Oowentuft,Oowentoft,oowentuftinge,,Aventoft,,Aventoft,,,"Marie Tånageberg 2021, Sååge än Tääle"
,Haasbärj,,,Haasberg,,,,,
Weestre,,,,Westre,,,,,
Hältuft,Hältoft (wisinge),,,Hülltoft,,Hyltoft,,,
Bünesguurd,"Boinjesguurd, Buinesguurd (wisinge)",,,Bundesgaard,,,,,
Runäis,"Runees, Rornees",,,Rodenäs,,Rødenæs,Rånæjs,,
Üüljtoorp,Uuiltorp,,,Oldorf,,Gammelby,,,
Naitoorp,Naitorp,,,Neudorf,,Nyby,,,
Aphüsem,Äphüsem,,,Ophusum,,,,,
Kiksbel,,,,Kixbüll,,,,,
Kiksbelguurd,,,,Kixbüllhof,,Kixbølgård,,,
,Foobel (wisinge),,,Fockebüll,,,,,
Siberhüsem,Sibershüsem,,,Sibbershusum,,,,,
Braamstäälönj,,,,Bramstedtlund,Braamsteedlund,Bramstedlund,,,
Braamstää,,,,Bramstedt,,,,,
Bööglem,,,,Böglum,,,,,
Läigem,Leegem,,,Süderlügum,,Sønder Løgum,Lym,,
Wimesbel,,,,Wimmersbüll,,,,,
Grälsbel,Grelsbel ,,,Gellsbüll,,,,,
Humptoorp,,,,Humtrup,,Humtrup,,,
Kaalebel,,,,Kahlebüll,,,,,
Leeksguurd,,,,Lexgaard,,Læksgårde,,,
Kråågebel,,,,Krakebüll,,,,,
Klångsbel,Klangsbel,klångsblinge,,Klanxbüll,,,,,"Hoekstra, US WURK LXIV (2015), Geographische Adjektive und Einwohnernamen im Nordfriesischen"
Tiirsbel,,,,Diedersbüll,,,,,
,Tiirsbelmårke (wisinge?),,,Diedersbüllfeld,,Didersbøl Mark,,,
Buumbel,Buumel,buumblinge,,Bombüll,,,,,"Hoekstra, US WURK LXIV (2015), Geographische Adjektive und Einwohnernamen im Nordfriesischen"
,Firsbel,,,Feddersbüll,,,,,
,Sörfeersbel,,,Südfeddersbüll,,,,,
Rosbel,,,,Rotzbüll,,,,,
Ämesbel,Ämelsbel,ämesbelinge,,Emmelsbüll,,,,,"Hoekstra, US WURK LXIV (2015), Geographische Adjektive und Einwohnernamen im Nordfriesischen"
,Toftem (wisinge),,,Toftum,,,,,
Bäninghüsem,,,,Benninghusum,,,,,
Horbel,"Hoorbel, Hörbel",horblinge,hoorbling,Horsbüll,,,,,"Hoekstra, US WURK LXIV (2015), Geographische Adjektive und Einwohnernamen im Nordfriesischen"
Üüljhorbel,Uuiljhoorbel,,,Althorsbüll,,,,,
Naihorbel,Naihoorbel,,,Neuhorsbüll,,,,,
,"Ülehüsem, Ülwehüsem?",,,Olfhusum,,,,,
Äbel,,äblinge,,Ebbüll,,,,,
"Naischörsbel, Naischöspel","Naisjösbel, Naischöspel",naischösblinge,,Neukirchen,,,,,"Hoekstra, US WURK LXIV (2015), Geographische Adjektive und Einwohnernamen im Nordfriesischen; Büten dik än banen dik, Nordfriisk Instituut, 1999"
Feegetas,,feegetasinge,,Fegetasch,,,,,"Hoekstra, US WURK LXIV (2015), Geographische Adjektive und Einwohnernamen im Nordfriesischen"
Heesbel,Hjisbel (wisinge),,hjisbling (wisinge),Hesbüll,,,,,"Hoekstra, US WURK LXIV (2015), Geographische Adjektive und Einwohnernamen im Nordfriesischen"
,Noordhjisbel,,,Nordhesbüll,,,,,
,Sörhjisbel,,,Süderhesbüll,,,,,
,Sörhjisbel,,,Südhesbel,,,,,
e Bääwer,,,,Bever,,,,,
Bäärtuft,Bäärtoft,,,Bevertoft,,,,,
,Sörbäärtoft,,,Süd-Bevertoft,,,,,
Klänt,,,,Klindt,,,,,
Lungstuft,,,,Langstoft,,Langstoft,,,
Naibel,,naiblinge,,Niebüll,,,,,"Hoekstra, US WURK LXIV (2015), Geographische Adjektive und Einwohnernamen im Nordfriesischen"
Deesbel,,deesblinge,deesbelnge,Deezbüll,,,,,"Hoekstra, US WURK LXIV (2015), Geographische Adjektive und Einwohnernamen im Nordfriesischen"
Moosbel,,moosblinge,moosbelnge,Maasbüll,,,,,"Hoekstra, US WURK LXIV (2015), Geographische Adjektive und Einwohnernamen im Nordfriesischen"
Moosjarn,,,,Moorhäuser,,,,,
Risem,,"riseme, risemer",risinge,Risum,,,,,"Hoekstra, US WURK LXIV (2015), Geographische Adjektive und Einwohnernamen im Nordfriesischen"
Lunham,Lunhalm,"lunhame, lunhamer",lunhalinge,Lindholm,,,,,"Hoekstra, US WURK LXIV (2015), Geographische Adjektive und Einwohnernamen im Nordfriesischen"
Klookris,,klookrisinge,,Klockries,,,,,"Hoekstra, US WURK LXIV (2015), Geographische Adjektive und Einwohnernamen im Nordfriesischen"
"e Gåås, e Gåå",,gååblinge,,Die Gath,,Gade,,,"Hoekstra, US WURK LXIV (2015), Geographische Adjektive und Einwohnernamen im Nordfriesischen; Marie Tånageberg 2021, Sååge än Tääle"
Läigeroos,,,,Legerade,,,,,
et Läiged,,,,Läiged,,,,,
Ülbel,Uulebel,ülblinge,,Uhlebüll,,,,,"Hoekstra, US WURK LXIV (2015), Geographische Adjektive und Einwohnernamen im Nordfriesischen; Marie Tånageberg 2021, Sååge än Tääle"
"e Moore, e Mååre",e Maure,"mooringe, moormoon","moorblinge, moorernge",Risummoor,,,,,"Hoekstra, US WURK LXIV (2015), Geographische Adjektive und Einwohnernamen im Nordfriesischen"
e Ååstermoore,e Ååstermååre,ååstermooringe,ååstermååringe,Ostermoor,,,,,
e Weestermoore,e Weestermååre,weestermooringe,weestermååringe,Westermoor,,,,,
Galmsbel,,galmsblinge,,Galmsbüll,,,,,"Hoekstra, US WURK LXIV (2015), Geographische Adjektive und Einwohnernamen im Nordfriesischen"
Naigalmsbel,,naigalmsblinge,,Neugalmsbüll,,,,,
Doogebel,,doogblinge,"doogebelinge, doogebaler (Fering)",Dagebüll,,,,,"Hoekstra, US WURK LXIV (2015), Geographische Adjektive und Einwohnernamen im Nordfriesischen; Büten dik än banen dik, Nordfriisk Instituut, 1999"
Foortuft,,foortuftinge,foortufter,Fahretoft,,,,,"Hoekstra, US WURK LXIV (2015), Geographische Adjektive und Einwohnernamen im Nordfriesischen"
"Waiguurd, Woiguurd",,"waiguurdinge, woiguurdinge",,Waygaard,,Vadgård,,,"Hoekstra, US WURK LXIV (2015), Geographische Adjektive und Einwohnernamen im Nordfriesischen"
Froodeguurd,Frodeguurd,froodeguurdinge,frodeguurdinge,Froddegaard,,,,,
Troolebel,,troolebelinge,,Trollebüll,,,,,"Hoekstra, US WURK LXIV (2015), Geographische Adjektive und Einwohnernamen im Nordfriesischen"
Kuurlem,,kuurleme,,Karlum,,Karlum,,,"Hoekstra, US WURK LXIV (2015), Geographische Adjektive und Einwohnernamen im Nordfriesischen"
e Lungbärj,,,,Langenberg,,,,,
Taningstää,,,,Tinningstedt,,Tinningsted,,,
Leek,,leekinge,,Leck,,Læk,,,"Hoekstra, US WURK LXIV (2015), Geographische Adjektive und Einwohnernamen im Nordfriesischen"
,Sööneeker (halifreesk),,,Sandacker (bei Leck),,,,,
Leekäng,,,,Leckeng,,Lækeng,,,
Änggröif,,,,Engruf,,,,,
Huuchhulm,,,,Hyholm,,Højholm,,,
Külsmårk,,,,Karlsmark,,Kjølsmark,,,
e Rünel,de Rünel,,,Ründel,,Rønned / Ryndel,,,
Wiilbärj,,,,Wielberg,,,,,
Klasbel,Kläksbel (Kårhiirdinge),klasblinge,kläsblinge,Klixbüll,,,,,"Hoekstra, US WURK LXIV (2015), Geographische Adjektive und Einwohnernamen im Nordfriesischen"
Såhoulm,Såhulm,såhoulme,såhulme,Soholm,,,,,"Hoekstra, US WURK LXIV (2015), Geographische Adjektive und Einwohnernamen im Nordfriesischen"
Snootebel,,snootebelinge,,Schnatebüll,,,,,
Weestersnootebel,,weestersnootebelinge,,Wester Schnatebüll,,,,,"Hoekstra, US WURK LXIV (2015), Geographische Adjektive und Einwohnernamen im Nordfriesischen"
Ååstersnootebel,,ååstersnootebelinge,,Oster-Schnatebüll,,,,,"Hoekstra, US WURK LXIV (2015), Geographische Adjektive und Einwohnernamen im Nordfriesischen"
Klantem,Kläntem,"klanernge, klanringe",klänernge (Kårhiirdinge),Klintum,,,,,"Hoekstra, US WURK LXIV (2015), Geographische Adjektive und Einwohnernamen im Nordfriesischen"
Peerebel,,peerebelinge,,Perebüll,,,,,"Hoekstra, US WURK LXIV (2015), Geographische Adjektive und Einwohnernamen im Nordfriesischen"
Hulteeker,,hulteekernge,,Holzacker,,Holtager,,,"Hoekstra, US WURK LXIV (2015), Geographische Adjektive und Einwohnernamen im Nordfriesischen"
Späilbäk,,,,Spölbek,,Spølbæk,,,
,Huugelün,,,Hogelund,,Høgelund,,,
Språkebel,,språkebelinge,,Sprakebüll,,,,,
e Guurd,Guarde,,,Gaarde,,,,,
Schårdebel,,schårdebelinge,,Schardebüll,,,,,"Hoekstra, US WURK LXIV (2015), Geographische Adjektive und Einwohnernamen im Nordfriesischen"
Stääsönj,,"stääsönjinge, stääblinge",,Stedesand,,,,Klintringsted,"Hoekstra, US WURK LXIV (2015), Geographische Adjektive und Einwohnernamen im Nordfriesischen"
,Orerslääch,,,Adersleben,,,,,
Ding-Sönj,Däng-Sönj,,,Enge-Sande,Eng-De Sand,,Æng-'Sanj,,
Ding,"Däng (ååstermooring), Dängsbel",ingsblinge,"ängsblinge, dingsblinge",Enge,,,,"Klyntryngengi, de Clintringe engi","Hoekstra, US WURK LXIV (2015), Geographische Adjektive und Einwohnernamen im Nordfriesischen"
e Sönj,de Sönj,soonblinge,,Sande,,,,,"Hoekstra, US WURK LXIV (2015), Geographische Adjektive und Einwohnernamen im Nordfriesischen"
Ding Hii,de Hii,hiiblinge,,Engerheide,,Enge Hede,,,"Hoekstra, US WURK LXIV (2015), Geographische Adjektive und Einwohnernamen im Nordfriesischen"
e Eekre,De Eekere (Kårhiirdinge),,,Ackern (Enge-Sande),,,,,
Däägel,,,,Degel,,,,,
Knorborj,,,,Knorburg,,Knorborg,,,
Stååsem,Ståårem,"stååseme, stååsinge",,Stadum,,,,,"Hoekstra, US WURK LXIV (2015), Geographische Adjektive und Einwohnernamen im Nordfriesischen"
Häärup,,,,Hörup,,,,,
Åktoorp,Ååchtoorp (Kårhiirdinge),åktoorpinge,"ååchtoorpinge, åktoorpeme",Achtrup,,,,,"Hoekstra, US WURK LXIV (2015), Geographische Adjektive und Einwohnernamen im Nordfriesischen"
Latjenhorn,Letjenhoarn,,,Lütjenhorn,,,,,
Bälsbel,,,,Büllsbüll,,,,,
Boowerstää,,,,Boverstedt,,,,,
"Lååselönj, Låålönj",,lååselönjinge,,Ladelund,,,,,"Hoekstra, US WURK LXIV (2015), Geographische Adjektive und Einwohnernamen im Nordfriesischen"
Brüüdjtoorp,Braarep,brüüdjtoorpinge,,Braderup (Karrharde),,Brarup,Brarp,,"Hoekstra, US WURK LXIV (2015), Geographische Adjektive und Einwohnernamen im Nordfriesischen"
,Hulm,,,Holm,,,,,
Meelbüü(?),Melbü (Kårhiirdinge),meelbüüinge(?),melbüinge (Kårhiirdinge),Medelby,,,,,"Hoekstra, US WURK LXIV (2015), Geographische Adjektive und Einwohnernamen im Nordfriesischen"
Hol (?),,,,Holt (bei Medelby),,,,,"Hoekstra, US WURK LXIV (2015), Geographische Adjektive und Einwohnernamen im Nordfriesischen"
Brik,,briklinge,,Riesbriek,,,,,"Hoekstra, US WURK LXIV (2015), Geographische Adjektive und Einwohnernamen im Nordfriesischen"
Schååflem,Schååflün,schååflemer,"schååfleme, schååflüner",Schafflund,,,,,"Hoekstra, US WURK LXIV (2015), Geographische Adjektive und Einwohnernamen im Nordfriesischen"
Bousbel,,bousblinge,,Bosbüll,,,,,"Hoekstra, US WURK LXIV (2015), Geographische Adjektive und Einwohnernamen im Nordfriesischen"
Hünebel?,Hunebel?,hünebelinge,,Hünnebüll / Hundebüll,,,,,"Hoekstra, US WURK LXIV (2015), Geographische Adjektive und Einwohnernamen im Nordfriesischen"
e Houlme,e Hoolme,houlmer,"houleme, houlinge, houlminge, hoolmer",Ockholm,,,,,"Hoekstra, US WURK LXIV (2015), Geographische Adjektive und Einwohnernamen im Nordfriesischen; Büten dik än banen dik, Nordfriisk Instituut, 1999"
Beergem,e Beerme,beerme,"beerginge, beergeme",Bargum,,,,,"Hoekstra, US WURK LXIV (2015), Geographische Adjektive und Einwohnernamen im Nordfriesischen; Marie Tångeberg 2021, Sååge än Tääle"
Ååster Beergem,,,,Osterbargum,,,,,
Weester Beergem,,,,Westerbargum,,,,,
Äfkebel,Öfkebel,äfkebelinge,,Efkebüll,,,,,"Hoekstra, US WURK LXIV (2015), Geographische Adjektive und Einwohnernamen im Nordfriesischen"
e Horne,e Hoorne,horninge,"hoorlinge, hoorninge",Langenhorn,,,,,"Hoekstra, US WURK LXIV (2015), Geographische Adjektive und Einwohnernamen im Nordfriesischen"
e Ååsterhorne,e Aasterhoorne,,,Ost-Langenhorn,,,,,
e Weesterhorne,e Weesterhorrne,,,West-Langenhorn,,,,,
Horninge Hii,Hoorninger Hii,,,Langenhorner Heide,,,,,
Mänkebel,"Mankebel, Mönkebel",mänkebelinge,mönkebelinge,Mönkebüll,,,,,"Hoekstra, US WURK LXIV (2015), Geographische Adjektive und Einwohnernamen im Nordfriesischen"
Lehii,Lohii,lehiinge,,Loheide,,,,,"Hoekstra, US WURK LXIV (2015), Geographische Adjektive und Einwohnernamen im Nordfriesischen"
,Di Boul,,,Bohle,,,,,
Latjhoulem?,Läitjholem,,lätjhulminger,Lütjenholm,,,,,"Hoekstra, US WURK LXIV (2015), Geographische Adjektive und Einwohnernamen im Nordfriesischen"
Märebel (Mirebel?),Mörebel (Gooshiirdinge),märebelinge,,Mirebüll,,,,,"Hoekstra, US WURK LXIV (2015), Geographische Adjektive und Einwohnernamen im Nordfriesischen"
Höögel,,hööglinge,höglinge,Högel,,,,,"Hoekstra, US WURK LXIV (2015), Geographische Adjektive und Einwohnernamen im Nordfriesischen"
Adebel,Aadebel,adebelinge,,Addebüll,,,,,"Hoekstra, US WURK LXIV (2015), Geographische Adjektive und Einwohnernamen im Nordfriesischen"
Bötjebel,Bätjebel,bötjebelinge,,Büttjebüll,,,,,"Hoekstra, US WURK LXIV (2015), Geographische Adjektive und Einwohnernamen im Nordfriesischen"
Iibel,,iiblinge,,Ebüll,,,,,"Hoekstra, US WURK LXIV (2015), Geographische Adjektive und Einwohnernamen im Nordfriesischen"
Steerdebel,Stiardebel (Kårhiirder?),steerdebelinge,,Sterdebüll,,,,,"Hoekstra, US WURK LXIV (2015), Geographische Adjektive und Einwohnernamen im Nordfriesischen"
Boorlem,,boorleme,,Bordelum,,,,,"Hoekstra, US WURK LXIV (2015), Geographische Adjektive und Einwohnernamen im Nordfriesischen"
Toorpem,,toorpeme,toorpinge,Dörpum,,,,,"Hoekstra, US WURK LXIV (2015), Geographische Adjektive und Einwohnernamen im Nordfriesischen"
Toorpemfälj,Toorpemfäil,,,Dörpumfeld,,,,,
Margarethenbärj,,,,Margarethenberg,,,,,
Ååster Boorlem,Aaster Boorlem,,,Ost-Bordelum,,,,,
Weester Boorlem,,,,West-Bordelum,,,,,
Stulbärj,Stolbeerch,,,Stollberg,,,,,
Aphüsem,Äphüsem (Kårhiirdinge),,,Uphusum,,,,,
Sänebel,Säänebel,sänebelinge,säänebelinge,Sönnebüll,,,,,"Hoekstra, US WURK LXIV (2015), Geographische Adjektive und Einwohnernamen im Nordfriesischen"
Bräist,Bräidstäär (wisinge),bräistinge,"bräistinger, bräistäänge, bräislinge (Nordergooshiirdinge)",Bredstedt,,,,,"Hoekstra, US WURK LXIV (2015), Geographische Adjektive und Einwohnernamen im Nordfriesischen, Peter Jensen Di Muon fuon e Halie"
Fåålst,Faalst,fåålstinge,fåålstäänge,Vollstedt,,,,,
Golbäk,,,,Goldebek,,,,,
,Gelün (Gälün?),,,Goldelund,,,,,
Jåålönj,Jalün (Gooshiirder),,jalüner (Gooshiirdinge),Joldelund,,,,,
Huugelönj,Huugelün,,,Hogelund,,Højlund,,,
Riderup,"Riserup, Rääderup, Rööderup (Gooshiirdinge)",ridringe,röödringe (Gooshiirdinge),Riddorf,,,,,"Hoekstra, US WURK LXIV (2015), Geographische Adjektive und Einwohnernamen im Nordfriesischen"
Brääklem,,brääkleme,brääklinge,Breklum,,,,Brekeling,"Hoekstra, US WURK LXIV (2015), Geographische Adjektive und Einwohnernamen im Nordfriesischen"
Buursbel,Borsbel,buursblinge,,Borsbüll,,,,,"Hoekstra, US WURK LXIV (2015), Geographische Adjektive und Einwohnernamen im Nordfriesischen"
Wålsbel,"Wåålsbel, Waalsbel (Gooshiirder?)",wålsblinge,,Wallsbüll (bei Bredstedt),,,,,"Hoekstra, US WURK LXIV (2015), Geographische Adjektive und Einwohnernamen im Nordfriesischen"
Toorpshii,,,,Dorfheide,,,,,"Hoekstra, US WURK LXIV (2015), Geographische Adjektive und Einwohnernamen im Nordfriesischen"
Treelstoorp,"Trelstrup, Trölstrup",treelstoorpinge,"trölstringe, trölstrupinge, trelsb(ü)linge",Drelsdorf,,Trelstorp / Trelstrup,,,"Hoekstra, US WURK LXIV (2015), Geographische Adjektive und Einwohnernamen im Nordfriesischen; Marie Tånageberg 2021, Sååge än Tääle"
Kolkerhii,,,,Kolkerheide,,,,,
Jöömst,,jöömstinge,jöömstinger,Löwenstedt,,,,,"Hoekstra, US WURK LXIV (2015), Geographische Adjektive und Einwohnernamen im Nordfriesischen"
Brook,,,,Brook,,,,,
Hååselönj?,"Hååselün, Haaselün",,,Haselund,,,,,
Feeshoulem,,,,Fehsholm,,,,,
Strükem,,strükeme,"strükemer, strükb(e)linge",Struckum,,,,,
Aalmtoorp (Åålmtoorp?),,,,Almdorf,,,,,
Bååmst,,bååmstinge,bååmstinger,Bohmstedt,,,,,"Hoekstra, US WURK LXIV (2015), Geographische Adjektive und Einwohnernamen im Nordfriesischen"
Hååks,,,,Haaks,,,,,
Norst,Noorst,norstinge,noorstinge,Norstedt,,,,,
Spänkebel,,spänkebelinge,,Spinkebüll,,,,,
Fjåål,,,,Viöl,,Fjolde,,,
Huuchfjåål,,,,Hochviöl,,,,,
,Kraagelün,,,Kragelund,,,,,
,Bokslün,,,Boxlund,,Bokslund,,,
,Hukstrup,,,Hoxtrup,,,,,
Bjarntoorp,,,,Behrendorf,,,,,
Bonlem,,,,Bondelum,,,,,
Salwit,,,,Sollwitt,,Solved,,,
Puubel,,puublinge,,Pobüll,,Pobøl / Påbøl,,,
Ornshood?,Oornshaud,,oornshauner,Ahrenshöft,,,,,
Alwat (Ålwåt?),,,,Arlewatt,,,,,
Åldrop,,,,Olderup,,,,,
Ämst,Emst,ämstinge,emstinge,Immenstedt,,,,,
Årnfjål,,,,Ahrenviöl,,,,,
Uurst,,uurstinge,,Ohrstedt,,,,,
Ååster Uurst,,,,Oster-Ohrstedt,,,,,
Weester Uurst,,,,Wester-Ohrstedt,,,,,
Bakenshult,,,,Backensholz,,,,,
Brämsborj,Bremsborj,,,Bremsburg,,,,,
Eelemänning,,,,Elemenning,,Alminding,,,
Älerbel,,,,Ellerbüll,,,,,
Heerstem,,,,Herstum,,,,,
Håtstinge Mjarsch,Håtstäänger Mjarsch,,,Hattstedter Marsch,,,,,
,Lunberich (Goeshiirdinge),,,Lundenberg,,,,,
Buunelönj,Buanenlöön (Gooshiirdinge),,,Bohnenland,,,,,
Wååbel,,wååblinge,,Wobbenbüll,,,,,"Hoekstra, US WURK LXIV (2015), Geographische Adjektive und Einwohnernamen im Nordfriesischen"
Håtst,"Hååtst, Haatst (Gooshiirdinge)",håtstinge,håtstäänger,Hattstedt,,,,,"Hoekstra, US WURK LXIV (2015), Geographische Adjektive und Einwohnernamen im Nordfriesischen; Büten dik än banen dik, Nordfriisk Instituut, 1999"
Hoorst,,hoorstinge,,Horstedt,,,,,"Hoekstra, US WURK LXIV (2015), Geographische Adjektive und Einwohnernamen im Nordfriesischen"
Schööbel,,schööblinge,,Schobüll,,,,,"Hoekstra, US WURK LXIV (2015), Geographische Adjektive und Einwohnernamen im Nordfriesischen"
Hälbel,,hälblinge,härblinge (Gooshiirdinge),Halebüll,,,,,
Hukensbel,,hukensbelinge,,Hockensbüll,,,,,
,e Lün,,,Lund,,,,,
Kilsborj,,,,Kielsburg,,,,,
Hüsem,,hüsemer,,Husum,,,,,"Hoekstra, US WURK LXIV (2015), Geographische Adjektive und Einwohnernamen im Nordfriesischen"
e Moose,,moosebelinge,,Maas (bei Husum),,,,,"Hoekstra, US WURK LXIV (2015), Geographische Adjektive und Einwohnernamen im Nordfriesischen"
Rööms,,,,Rödemis,,,,,
Augsborj,,,,Augsburg (bei Husum),,,,,
Swiising,Swiasing,,,Schwesing,,Svesing,,,
Iipernstää?,,,,Ipernstedt,,,,,
Råntrem,Rånterem,,,Rantrum,,,,,
,e Wäsk,,,Wisch,,Visk,,,
,Heme,,,Hemme,,,,,
Mälst,,mälstinge,,Mildstedt,,,,,
Ååstenfälj,Aastenfäil,,,Ostenfeld,,,,,
Winert,,,,Winnert,,,,,
Outrem,,,,Autrum,,,,,
Swåbstää,,,,Schwabstedt,,Svavsted,,,
,Ramstää,,,Ramstedt,,,,,
Huude,,,,Hude,,,,,
Seet,,,,Seeth,,Sæd,,,
Draage,,,,Drage,,,,,
Freederjstää,Fräärstää,fräärstäänge,freederjstäänge,Friedrichstadt,,,,,"Hoekstra, US WURK LXIV (2015), Geographische Adjektive und Einwohnernamen im Nordfriesischen"
Koolnbütel,,,,Koldenbüttel,,,,,
Taning,,,,Tönning,,Tønning,,,
Kotsenbel,,,,Kotzenbüll,,,,,
Hülk,,,,Hülk,,,,,
Haablek,,,,Harblek,,,,,
Gunsbütel,,,,Gunsbüttel,,,,,
Borsthüsem,,,,Borsthusem,,,,,
Kloijarn?,Kloiheern,,,Kleihörn,,,,,
Kååting,,,,Kating,,,,,
Katriinenheerd,,,,Katharinenheerd,,,,,
Huuchbuum,,,,Hochbohm,,,,,
Folerwik,,,,Vollerwiek,,Follervig,,,
Wäljt?,Wäilt,,,Welt,,,,,
Hülkenbel,,,,Hülkenbüll,,,,,
Gaarding,Gaarn,,,Garding,,,,,
Schöspel Gaarding,,,,"Garding, Kirchspiel",,,,,
Krim,,,,Krimm,,,,,
Hääwereeker,,,,Haferacker,,,,,
Bröösem,,,,Brösum (St.-Peter),,,,,
Laikenhüsem,,,,Leikenhusen,,,,,
Lookert,,,,Lokert,,,,,
Popenbel,,,,Poppenbüll,,,,,
Siimensbärj,Siimensbeeri,,,Simonsberg,,,,,
Tååting,,,,Tating,,,,,
Teedenbel,,,,Tetenbüll,,,,,
Ülwesbel,,,,Uelvesbüll,,,,,
Widswort,,,,Witzwort,,,,,
,,,,,,,,,
Oodebel,,,,Odenbüll,,,,,
Kiifhuk,,,,Kiefshuck,,,,,
Norderhuuwen,Noorderhuuwen,,,Norderhafen,,,,,
,Süürhuuwen,,,Süderhafen,,,,,
,Ängloun,,,England (Nordstrand),,,,,
,Moorsem,,,Morsum (Nordstrand),,,,,
,,,,,,,,,
,,,,,,,,,
Weesterlönj,Weesterlön,,,Westerland,,,,,
,Aidem,,,Eidum,,,,,
,List (Salring),,,List,,,,,
,Woningstair,,,Wenningstedt,,,,,
,Hörnem,,,Hörnum,,,,,
,Abuurt,,,Abort (Morsum),,,,,
,Blisel,,,Blidsel,,,,,
Breeserep?,Brēđerep,,,Braderup (Sylt),,,,,
,Ārichsem,,,Archsum,,,,,
,Muasem,,,Morsum,,,,,
,Gurt Muasem,,,Groß-Morsum,,,,,
,Litj Muasem,,,Klein-Morsum,,,,,
,Kaamp,,,Kampen,,,,,
,Klaampshörn,,,Klaampshörn,,,,,
,Köningshaawen,,,Königshafen,,,,,
,Munkmērsk,,,Munkmarsch,,,,,
,Raantem,,,Rantum,,,,,
,Tinem,,,Tinnum,,,,,
,Süđerhiirdeel,,,Süderheidetal,,,,,
,Klapholtdääl,,,Klappholttal,,,,,
,Alemböög,,,Ellenbogen,,,,,
,Uthörn,,,Uthörn,,,,,
,Weesterhiir,,,Westerheide,,,,,
,,,,,,,,,
e Wik,"bi a Wik, de Wik (halifreesk)",,"wiks (fering), wiker (Pl. wikers) (halifreesk)",Wyk,,,,,"Hoekstra, US WURK LXIV (2015), Geographische Adjektive und Einwohnernamen im Nordfriesischen"
,Njiblem,,,Nieblum,,,,,
,Ekrem,,,Ackerum,,,,,
,Aalkersem,,,Alkersum,,,,,
,Bualigsem,,,Boldixum,,,,,
,Borigsem,,,Borgsum,,,,,
,Grat Dunsem,,,Groß-Dunsum,,,,,
,Letj Dunsem,,,Klein-Dunsum,,,,,
,Guating,,,Goting,,,,,
,Hedehüsem,,,Hedehusum,,,,,
,Klantem,,,Klintum (Föhr),,,,,
,Madlem,,,Midlum,,,,,
,Ööwenem,,,Oevenum,,,,,
,Olersem,,,Oldsum,,,,,
,Taftem,,,Toftum,,,,,
,Ödersem,,,Utersum,,,,,
,Wiisem,,,Witsum,,,,,
,Wraksem,,,Wrixum,,,,,
,,,,,,,,,
Nääbel,"Neebel (Öömrang), Nääbel (Halifreesk)",,,Nebel,,,,,"Marie Tånageberg 2021, Sååge än Tääle"
,Witjdün,,,Wittdün,,,,,
,Noorsaarep,,,Norddorf,,,,,
,Stianood,,,Steenodde,,,,,
,Sössaarep,,,Süddorf,,,,,
,Waasterhias,,,Westerheide,,,,,
,Wriakhörn,,,Wriakhörn,,,,,
,,,,,,,,,
,,,,,,,,,
,,,,,,,,,
,,,,,,,,,
,,,,,,,,,
Skaagen,,,,,,Skagen,,,"Rüm Hart, Nis Albrecht Johannsen"
Ålburj,,,,,,Aalborg,,,
Ripen,,riper,,Ripen,,Ribe,Riif,,"Hoekstra, US WURK LXIV (2015), Geographische Adjektive und Einwohnernamen im Nordfriesischen"
,Tingle (Wisinge),,,Tingleff,,Tinglev,,,"Peter Jensen, Di Tofel"
Bålem?,Balem,,,Ballum,,Ballum,,,
Huuder,"Huađer (Sölring), Huuger (Wisinge, mooring?)",huudernge?,huađering (Sölring),Hoyer,,Højer,,,"Hoekstra, US WURK LXIV (2015), Geographische Adjektive und Einwohnernamen im Nordfriesischen; Büten dik än banen dik, Nordfriisk Instituut, 1999"
Grut Tuner,Grot Toner (wisinge),,,Mögeltondern,,Møgeltønder,,,
(Latj) Tuner,Toner (wisinge),tunernge,tunringe,Tondern,,Tønder,,,"Hoekstra, US WURK LXIV (2015), Geographische Adjektive und Einwohnernamen im Nordfriesischen"
,Kloorster (?),,,Lügumkloster,,Løgumkloster,,,
Ååwenru,,ååwenruer,,Apenrade,,Aabenraa,,,"Hoekstra, US WURK LXIV (2015), Geographische Adjektive und Einwohnernamen im Nordfriesischen"
"Kupenhuugen, Kuupenhuugen",Kuupenhåågen,kupenhuugner,kuupenhåågner,Kopenhagen,,,,,"Hoekstra, US WURK LXIV (2015), Geographische Adjektive und Einwohnernamen im Nordfriesischen"
,Kolün,,,Kollund,,,,,
Flansborj,"Flänsborj, Flänsburi (Wisinge), Flensborj (halifreesk)",flansborjer,,Flensburg,,Flensborg,,,
Luksborj?,Loksborj,,,Glücksburg,,,,,
Slaswik,,slaswiker,,Schleswig,,,,,
Ransborj,Randsburj,ransborjer,,Rendsburg,,,,,"Hoekstra, US WURK LXIV (2015), Geographische Adjektive und Einwohnernamen im Nordfriesischen"
"Kil, Keel",,"kiler, keeler",,Kiel,,,,,"Hoekstra, US WURK LXIV (2015), Geographische Adjektive und Einwohnernamen im Nordfriesischen"
Glükstää,,,glükstääser,Glückstadt,,,,,"Hoekstra, US WURK LXIV (2015), Geographische Adjektive und Einwohnernamen im Nordfriesischen"
Hamborj,"Hamburj, Hambörri (Halunder)",hamborjer,,Hamburg,,,,,"Büten dik än banen dik, Nordfriisk Instituut, 1999"
Amsterdam,,amsterdamer,,Amsterdam,,,,,"Hoekstra, US WURK LXIV (2015), Geographische Adjektive und Einwohnernamen im Nordfriesischen"
,Lon'n (Halunder),,,London,,,,,
,,,,,,,,,
,Tres / Trös (Halunder),,tresdunger / tröstunger (Halunder),Cuxhaven,,,,,"Hoekstra, US WURK LXIV (2015), Geographische Adjektive und Einwohnernamen im Nordfriesischen"
,Breämen (Halunder),,,Bremen,,,,,
,Breämerhoawen (Halunder),,,Bremerhaven,,,,,
,Wüllemshoawen (Halunder),,,Wilhelmshaven,,,,,
,,,,,,,,,
"Runghoolt, Runghult",Rongholt (Halifreesk),,,Rungholt,,,,,
,,,,,,,,,
,,,,,,,,,
,,,,,,,,,
,,,,,,,,,
,,,,,,,,,
Kuuge,,,,,,,,,
Deesbelnge Koornkuuch,,,,"Deezbüller Kornkoog, Westermooringer Kornkoog",,,,,"Hoekstra, US WURK LXIV (2015), Geographische Adjektive und Einwohnernamen im Nordfriesischen"
Bräistinger Kuuch,,,,Bredstedter Koog,,,,,"Hoekstra, US WURK LXIV (2015), Geographische Adjektive und Einwohnernamen im Nordfriesischen"
Gutskuuch,Gotskuuch,,,Gotteskoog,,Gudskog,,,
Böökinghiirder Gutskuuch,,,,Bökingharder Gotteskoog,,,,,
Kårhiirder Gutskuuch,,,,Karrharder Gotteskoog,,,,,
Üülje Krisen-Albrechen-Kuuch,,,,Alter Christian-Albrechts-Koog,,Gammel Christian Albrechts Kog,,,
Naie Krisen-Albrechen-Kuug,,,,Neuer Christian-Albrechts-Koog,,,,,
Störtewärkskuuch,,,,Störtewerkerkoog,,Størteværkkog,,,
Mariienkuuch,,,,Marienkoog,,,,,
Steerdeblinge Üülje Kuuch,Steerdebeler Uule Kuuch,,,Alter Sterdebüller Koog,,,,,
Steerdeblinge Naie Kuuch,,,,Neuer Sterdebüller Koog,,,,,
Bluumenkuuch,,,,Blumenkoog / Blomenkoog,,Blomekog,,,
,Broorskuuch,,,Broderskoog (Wiedingharde),,,,,
Bruunodenkuuch,,,,Brunottenkoog,,,,,
Latje Kooldoomer Kuuch,,,,Kleiner Kohldammer Koog,,,,,
Grute Kooldoomer Kuuch,,,,Großer Kohldammer Koog,,,,,
Hiirnekuuch,,,,Herrenkoog,,,,,
Hüneblinge kuuch,,,,Hundebüllerkoog,,,,,
Mariienkuuch,,,,Marienkoog,,,,,
Doogblinge Kuuch,Doogebeler Kuuch,,,Dagebüller Koog,,,,,
Juljåånen-Mariien-Kuuch,Juljåånen-Kuuch,,,Juliane-Marien-Koog,,,,,
Klisiikuuch,Kloisiiekuuch,,,Kleiseerkoog,,Klægsøkog,,,
Klasblinge(r) Kuuch,,,,Klixbüller Koog,,,,,
Kornkuuch,Eekerkuuch?,,,Kornkoog,,,,,
Horninge(r) Üülje Kuuch,Hoorninger Uule Kuuch,,,Langenhorner Alter Koog,,,,,
Horninge(r) Naie Kuuch,Hoorninger Naie Kuuch,,,Langenhorner Neuer Koog,,,,,
Norderkuuch,,,,Norderkoog,,,,,
Oosewulder Kuuch,,,,Osewoldter Koog,,,,,
Rübel Kuuch,,,,Ruttebüller Koog,,Rudbøl Kog,,,
Sööderkuuch,,,,Süderkoog,,,,,
Weester Snootebel Kuuch,,,,Westerschnatebüller Koog,,,,,
Wisinghiirder Üülje Kuuch,Wiringhiirder Uuile Kuuch,,,Wiedingharder Alter Koog,,,,,
Wisinghiirder Naie Kuuch,Wiringhiirder Naie Kuuch,,,Wiedingharder Neuer Koog,,,,,
Üülje Augustenkuuch,,,,Alter Augustenkoog,,,,,
Naie Augustenkuuch,,,,Neuer Augustenkoog,,,,,
Beltringhiirder Kuuch,,,,Beltringharder Koog,,,,,
Bäärtuft Kuuch,,,,Bevertoft Koog,,,,,
Brääkleme Kuuch,Brääklemer Kuuch,,,Breklumer Koog,,,,,
,Bruunodenkuuch,,,Brunottenkoog,,,,,
Bupheewerkuuch,,,,Buphever Koog,,,,,
Cecilienkuuch,,,,Cecilienkuuch,,,,,
Deljekuuch,,,,Deljekoog,,,,,
Desmerciereskoog,,,,Desmerciereskuuch,,,,,
,Träikantskuuch,,,Dreieckskoog,,,,,
Galmsbelkuuch,,,,Galmbüllkuuch,,,,,
,Grote Kuuch,,,Großer Koog,,,,,
,Grothüsem Kuuch,,,Grothusenkoog,,,,,
,Haatstinger Kuuch,,,Hattstedter Koog,,,,,
,Haatstinger Naie Kuuch,,,Hattstedter Neuer Koog,,,,,
Hauke-Haien-Kuuch,,,,Hauke-Haien-Koog,,,,,
Heewerkuuch,,,,Heverkoog,,,,,
,Hulmkuuch,,,Holmkoog,,,,,
Hunenkuuch,,,,Hunnenkoog,,,,,
Johann-Heimreichen-Kuuch,,,,Johann-Heimreichs-Koog,,,,,
Junkernkuuch,,,,Junkernkoog,,,,,
Kårhiirder Üülje Kuuch,,,,Karrharder Alter Koog,,,,,
,Läitje Kuuch,,,Kleiner Koog,,,,,
,Läitje Noorderkuuch,,,Kleiner Norderkoog,,,,,
Liimrikkuuch,,,,Lehmrickkoog,,,,,
Louisenkuuch,,,,Louisenkoog,,,,,
Margrätjenkuuch,Margarethenkuuch,,,Margarethenkoog,,,,,
Mjarschkuuch,Määrschkuuch,,,Marschkoog,,,,,
,Mälste Kuuch,,,Mittelster Koog (Pellworm),,,,,
Naikuuch,,,,Neukoog,,,,,
,Norderfriidrichenkuuch,,,Norderfriedrichskoog,,,,,
Norderheewerkuuch,Noorderheewerkuuch,,,Norderheverkoog,,,,,
Obenskuuch,,,,Obbenskoog,,,,,
Houlme Kuuch,Hoolmer Kuuch,,,Ockholmer Koog,,,,,
,Uule Kuuch,,,Oldenkoog,,,,,
,Poonshalikuuch,,,Pohnshalligkoog,,,,,
Porekuuch,,,,Porrenkoog,,,,,
,Reußenkuuge,,,Reußenköge,,,,,
Rikelsbelinge Kuuch,,,,Rickelsbüller Koog,,,,,
Siiwersfleeter Kuuch,,,,Sieversflether Koog,,,,,
,Siimensbeerier Kuuch,,,Simonsbergerkoog,,,,,
,Sainke-Nissen-Kuuch,,,Sönke-Nissen-Koog,,,,,
Sofiien-Magdaleenen-Kuuch,,,,Sophien-Magdalenen-Koog,,,,,
Sofiien-Samerkuuch,,,,Sophien-Sommerkoog,,,,,
,Süürfriidrichenkuuch,,,Süderfriedrichskoog,,,,,
,Süürheewerkuuch,,,Süderheverkoog,,,,,
,Desmerciereskuuch,,,Desmerciereskoog,,,,,
,Eliisabeth-Sofiien-Kuuch,,,Elisabeth-Sophien-Koog,,,,,
Tümlauer Kuuch,,,,Tümlauer Koog,,,,,
Ülwesbelinge Kuuch,Ülwesbeler Kuuch,,,Uelvesbüller Koog,,,,,
,Wåålsbeler Kuuch,,,Wallsbüller Koog,,,,,
Wååderkuuch,,,,Wasserkoog,,,,,
Weesterkuuch,,,,Westerkoog,,,,,
,,,,,,,,,
,,,,,,,,,
,,,,,,,,,
Hiirde,,,,,,,,,
Kårhiird,,kårhiirdinge,,Karrharde,,Kær Herred,,,"Hoekstra, US WURK LXIV (2015), Geographische Adjektive und Einwohnernamen im Nordfriesischen"
Wisinghiird,Wiringhiird,wisinge,wiringe,Wiedingharde,,Viding Herred,,,"Hoekstra, US WURK LXIV (2015), Geographische Adjektive und Einwohnernamen im Nordfriesischen"
Böökinghiird,,böökinghiirdinge,böökinghiirnge,Bökingharde,,Bøking Herred,,,"Hoekstra, US WURK LXIV (2015), Geographische Adjektive und Einwohnernamen im Nordfriesischen"
Nordergooshiird,Noordergooshiird,nordergooshiirdinge,,Nordergoesharde,,Nørre Gøs Herred,,,"Hoekstra, US WURK LXIV (2015), Geographische Adjektive und Einwohnernamen im Nordfriesischen"
Söödergooshiird,Süürgooshiird,söödergooshiirdinge,,Südergoesharde,,Sønder Gøs Herred,,,
Wirikshiird,,,,Wiedrichsharde,,,,,
Edomshiird,,,,Edomsharde,,,,,"Marie Tånageberg 2021, Sååge än Tääle"
Bältringhiird?,Beltringhiird,beltringe?,,Beltringharde,,Beltring Herred,,,"Hoekstra, US WURK LXIV (2015), Geographische Adjektive und Einwohnernamen im Nordfriesischen"
,,,,,,,,,
,,,,,,,,,
,,,,,,,,,
"Hålie, ailönje än sönje",,,,,,,,,
Fäär,Feer,fäär(i)nge,fäiringe,Föhr,,,,,"Hoekstra, US WURK LXIV (2015), Geographische Adjektive und Einwohnernamen im Nordfriesischen"
Sal,"Sul, Söl",salernge,salringe,Sylt,,,,,"Hoekstra, US WURK LXIV (2015), Geographische Adjektive und Einwohnernamen im Nordfriesischen; Büten dik än banen dik, Nordfriisk Instituut, 1999"
Oomrem,"Oomram, Oomrem (halifreesk)",öömringe (oomringe?),öömrange,Amrum,,,,,"Hoekstra, US WURK LXIV (2015), Geographische Adjektive und Einwohnernamen im Nordfriesischen"
Hålilönj,Deät Lun (Halunder),,håluuner,Helgoland,,,,,Frasch Leesebök I
,De Halem (Halunder),,,Helgoländer Düne,,,,,
Räm?,Rem (Sölring),,rems (sölring),Röm,,Rømø,,,
,Fuan (Sölring),,fuaninger (sölring),,,Fanø,,,
Pelwäärm,"Pelwärm, Polwäärm, Pelweerm (halifreesk)",pelwäärmer,pelweermer (halifreesk),Pellworm,,,,,
e Strönj,"de Ströön, Noordströön, Nordströnj",strooninge?,"strööninge(r), nordströnjer",Nordstrand,,,,,
Krüschenshåli,,,,Christianshallig,,,,,
Üülönj,Ualöön (Hålifrasch),üülönjinge?,üülönjer,Oland,,,,,"Büten dik än banen dik, Nordfriisk Instituut, 1999"
e Groue,de Grööe (Hålifrasch),,,Gröde,,,,,"Büten dik än banen dik, Nordfriisk Instituut, 2000"
Ååpellönj?,Aapellöön (Hålifrasch),,,Appelland,,,,,
e Nees,"Lungnees, de Nees",neesmoons,,Langeness,,Langenæs,,,"Büten dik än banen dik, Nordfriisk Instituut, 2001"
e Mjarsch,"de Meersk, Nöördmeersk, Nordmjarsch",,meerskmoons,Nordmarsch,,,,,"Büten dik än banen dik, Nordfriisk Instituut, 2002"
Bütwäil?,Butweel (Hålifrasch),,,Buhtwehl,,,,,
e Huuge,de Huuge,,,Hooge,,,,,"Büten dik än banen dik, Nordfriisk Instituut, 2002"
Hååbel,Haabel (Hålifrasch),,,Habel,,,,,
Beenshåli / Beensens Håli?,,,,Beenshallig / Behnshallig,,,,,Nicolai Möllgaard
Haienshåli,,,,Hainshallig,,,,,"Dåt jöör hüs, Nis Albrecht Johannsen"
Hamborjer Håli,,,,Hamburger Hallig,,,,,
Latj Moos,"Läitj Möör, Lätj Moor, Lidj Muur (Hålifrasch)",,,Lütt Moor / Nordstrandischmoor,,,,,
Norderuug,Noorderuug,,,Norderoog,,Nørreog,,,
Sööderuug,"Saaruuch, Saruug",,,Süderoog,,,,,
Söödfål,"Süürfåål, Sufaol",,,Südfall,,,,,"Büten dik än banen dik, Nordfriisk Instituut, 2002"
Swinereeg,,,,Schweinerücken,,,,,
,Joortsön' (Sölring),,,Jordsand,,Jordsand,,,
,Joortsön's Flak (Sölring),,,Jordsands Flak,,Jordsand Flak,,,
Ruchelai Sönj?,Rochenlai Söön,,,Rocheley Sand,,,,,
Runghult Sönj,,,,Rungholtsand,,,,,
,Knip,,,Kniepsand,,Knipsand,,,
Norderuug Sönj,,,,Norderoogsand,,Nørreogsand,,,
,,,,,,,,,
Buunehåli,Buunehali (wisinge),,,Bohnenhallig,,,,,
Gruthåli (Gutskuuch),Grothali (wisinge),,,Großhallig,,Storehallig,,,
Hatesbelhåli (Gutskuuch),Hatesbelhali,,,Hattersbüllhallig,,,,,
Leenshåli,Leenshali (wisinge),,,Lehnshallig,,Lenshallig,,,
Schääwehåli,,,,Schäferhallig,,,,,
,Håårehåli,,,Hasenhallig,,,,,
,Poonshali,,,Pohnshallig,,,,,
Swinehåli,,,,Schweinehallig,,,,,
Weesterheewersönj,Weesterheewersoun,,,Westerheversand,,,,,
,,,,,,,,,
,,,,,,,,,
,,,,,,,,,
Wäärwe än latj krååm,,,,,,,,,
Paderswäärw,,,,Peterswarf (?) (Langeness),,,,,"Büten dik än banen dik, Nordfriisk Instituut, 1999"
Paderhoitswäärw,,,,Peterhaitzwarf (Langeness),,,,,
Honkenswäärw,Honkensweerw,,,Honkenswarf (Langeness),,,,,
Hünenswäärw,Hunensweerw,,,Hunnenswarf (Langeness),,,,,
Käädelswäärw,Käädelsweerw (Halifreesk),,,Ketelswarf (Langeness),,,,,
Naiwäärw,Naiweerw,,,Neuwarf (Langeness),,,,,
,Baondiksweerw,,,Bandixwarf (Langeness),,,,,"Nordfriesische Dialektstudien, Ernst Löfstedt, 1931"
,"Schorkeweerw, Nees-Schorkeweerw",,,Kirchwarft (Langeness),,,,,Halligfriesisches-Lesebuch
Tåånswäärw,Taonsweerw,,,Tadenswarf (Butweel),,,,,"Nordfriesische Dialektstudien, Ernst Löfstedt, 1931"
,Kruschensweerw,,,Christianswarf (Butweel),,,,,
,Tamensweerw,,,Tamenswarf (Butweel),,,,,
e Holge (Hålge?),Haolgeweerw (Halifreesk),,,Halgehus (Nordmarsch),,,,,"Büten dik än banen dik, Nordfriisk Instituut, 1999, Halligfriesisches-Lesebuch"
Rakswäärw,Raksweerw (Halifreesk),,,Rixwarf (Nordmarsch),,,,,"Büten dik än banen dik, Nordfriisk Instituut, 1999"
Hingelai,Hiangelai(sweerw) (Halifreesk),,,Hilligenley (Nordmarsch),,,,,"Büten dik än banen dik, Nordfriisk Instituut, 1999, Halligfriesisches-Lesebuch"
,"Moiensweerw, Maujensweerw (Maoiensweerw?)",,,Mayenswarft (Nordmarsch),,,,,Halligfriesisches-Lesebuch
,"Schorkhoofweerw?, Schorkeweerw, Meersk-Schorkeweerw",,,Kirchhofswarf (Nordmarsch),,,,,Halligfriesisches-Lesebuch
,Traibeerch,,,Treuberg (Nordmarsch),,,,,
,Noorderheern,,noorderheerner,Norderhörn (Nordmarsch),,,,,
,Saarheern,,,Süderhörn (Nordmarsch),,,,,
Schörkewäärw,,,,Kirchwarft,,,,,"Büten dik än banen dik, Nordfriisk Instituut, 1999"
Nordwäärw,Noordweerw,,,Nordwarft,,,,,
Sööderwäärw,Sörweerw (Houlmer freesch? wisinge?),,,Süderwarft,,,,,
Latj-Jäns-Wäärw,Lätj-Jäns-Wäärw (Foortuftinge),,,Lütt-Jens-Warft (Fahretoft),,,,,"Büten dik än banen dik, Nordfriisk Instituut, 1999"
Brouderswäärw,Brouersweerw (Foortuftinge),brouderswäärwer,brouderswäärwinge?,Broderswarft (Fahretoft),,,,,"Büten dik än banen dik, Nordfriisk Instituut, 2000"
Bounenswäärw,,,,Bahnenswarft (Fahretoft),,,,,"Büten dik än banen dik, Nordfriisk Instituut, 2001"
Tuu'nswäärw,,,,Tudenswarft (Fahretoft),,,,,"Büten dik än banen dik, Nordfriisk Instituut, 2002"
Goobrielsweerw,"Gawenswäärw, Gåbrielswäärw",,,Gabrielswarft (Fahretoft),,,,,
Jakebswäärw,,,,Jakobswarft (Fahretoft),,,,,
Moienswäärw,,,,Maienswarft (Fahretoft),,,,,
Rouerdswäärw,,,,Richardswarft (Fahretoft),,,,,
Bungsil,Bongsil,,,Bongsiel,,,,,
Slütsil,,,,Schlüttsiel,,,,,
Waiguurdinge dik,,,,Waygard Deich,,,,,"Hoekstra, US WURK LXIV (2015), Geographische Adjektive und Einwohnernamen im Nordfriesischen"
Bulhüs,Bolhus (halifreesk),,,Bollhaus,,,,,
Norder Waiguurd,Norder Woiguurd,,,Norderwaygard,,,,,
Sööder Waiguurd,Sööder Woiguurd,,,Süderwaygard,,,,,
Bluksbärj,Bloksbärj (doogbling?),,,Blocksberg (Dagebüll),,,,,
Doogebel Huuwen,Doogebel Huugen (doogbling),,,Dagebüll Hafen,,,,,
Doogebel Schörk,,,,Dagebüll Kirche,,,,,
Doogebel Doom,,,,Dagebülldamm,,,,,
Jenswäärw,,,,Jenswarft (Dagebüll),,,,,
Kuuchwäärw,Kuuchweerw,,,Koogswarft (Dagebüll),,Kogvarf,,,
Naiwäärw,,,,Neuwarft (Dagebüll),,,,,
e Borj,,,,Deezbüll Burg,,,,,
Frisenhuuwen,,,,Fresenhagen,,,,,
Rikelsbel,Raksbel?,,,Rickelsbüll,,,,,
Hunerthüsem,Honerthüsem,,,Hunwerthusum,,,,,
Hodebeldik,,,,Hoddebülldeich,,,,,
Söödweestjarn,Sörweersthörn,,,Südwesthörn,,,,,
Bakenswäärw,Bakensweerf (Hålifrasch),,,Backenswarft (Hooge),,,,,
Hanswäärw,Hansweerf (Hålifrasch),,,Hanswarft (Hooge),,,,,
Iipkenswäärw,Iipkensweerf (Hålifrasch),,,Ipkenswarf (Hooge),,,,,
Okenswäärw (Ukenswäärw?),Okensweerf,,,Ockenswarf (Hooge),,,,,
,Madeltrit,,,Mitteltritt (Hooge),,,,,
,Schorkweerf,,,Kirchwarft (Hooge),,,,,
,Okelutsweerf,,,Ockelützwarft (Hooge),,,,,
,Folkertsweerf,,,Volkertswarft (Hooge),,,,,
,Wästerweerf,,,Westerwarft (Hooge),,,,,
,Lorensweerf,,,Lorenzwarft (Hooge),,,,,
Oibärj,Oibäärch,,,Eiberg,,,,,
,Kreensboorj,,,Christianburg (Ockholm),,,,,
,Fäderweerw,,,Fedderswarft (Ockholm),,,,,
,Eekensweerw,,,Eggerswarft (Ockholm),,,,,
,Läitje Guurd,,,Kleine Gaarde (Ockholm),,,,,
,Gråte Guurd,,,Große Gaarde (Ockholm),,,,,
,Greeneweerw,,,Grünewarft (Ockholm),,,,,
,Schörkeweerw,,,Kirchwarft (Ockholm),,,,,
,Noordweerw,,,Nordwarft (Ockholm),,,,,
,"Sörweerw, Sårweerw",,,Süderwarft (Ockholm),,,,,
,Päidersweerw,,,Peterswarft (Ockholm),,,,,
,"Reedelsweerw, Reelnsweerw",,,Redlefswarft (Ockholm),,,,,
,Sanensweerw,,,Sönnenswarft (Ockholm),,,,,
,Taadensweerw,,,Tadenswarft (Ockholm),,,,,
,Tiirsweerw,,,Ditrichswarf (Ockholm),,,,,
,Knutsweerw,,,Knudtswarft (Gröde),,,,,
,Sköölweerw,,,Schulwarft (Gröde),,,,,
,Nikelsweerw,,,Nickelswarft (Eiderstedt),,,,,
Hiiknup,Hiignube,,,Heideberg,,,,,
e Hängst,De hingst,,,Hengst,,,,,
Dracht,,,,Hestendragt,,,,,
Hoornborj,,,,Hornburg,,,,,
Hungerbärj,Hongerbeeri,,,Hungerburg,,,,,
Jäägerkrouch,,,,Jägerkrug,,,,,
,Kloidiinj,,,Kleiende,,Klægende,,,
Latjekuuchsdik,Laitekuuchsdik,,,Kleinkoogsdeich,,,,,
Klisiikuuchsdik,Kloisiiekuuchsdik,,,Kleiseerkoogsdeich,,,,,
,Ämesbel Mårke,,,Mark (Emmelsbüll),,,,,
,Moarkhüsinge,,,Markhäuser (?),,,,,
,Märlingmoarke,,,"Merlingmark, Merlingfeld",,,,,
Madeldik,Mädeldik,,,Mitteldeich,,,,,
Madeltrit,,,,Mitteltritt,,,,,
Meelendik,Mjilendik,,,Mühlendeich,,,,,
,Määgelbeerch,,,Mögelberg,,,,,
Norddik,,,,Norddeich,,,,,
Norderwäärw,"Noorderweerf, Noorderweerw",,,Norderwarft (Lütt Moor),,,,,
Nordååsterdik,Noordårsterdik,,,Nordosterdeich,,,,,
,Nösi,,,Nösse,,Næsodde,,,
Ååster Höögelfälj,,,,Ost Höögelfälj,,,,,
Ååsterdik,Oasterdik (Wisinge),,,Osterdeich,,,,,
Ååstersil,Aastersil,,,Ostersiel,,,,,
Bai e Sil,,,,Beim Siel (Wiedingharde),,,,,
Rollwagentooch?,,,,Rollwagenzug,,,,,
Di Rüüdje Haubärj,,,,Der Rote Haubarg,,,,,
Weesterheewer,,,,Westerhever,,,,,
Ååsterheewer,Aasterheewer,,,Osterhever,,,,,
,Suneeker,,,Sandacker,,,,,
,Ruar Klef,,,Rotes Kliff,,,,,
,Schiirl,,,Schirl,,,,,
,E Smjile,,,Schmale,,,,,
,Småålfäil,,,Schmalfeld,,,,,
,Snäidik (wisinge),,,Schneedeich,,,,,
,Säägesbel,,,Segelsbüll (Bauernhof),,,,,
Såhoulmbru,Såhulmbru,,,Soholmbrück,,,,,
Stub,,,,Stubb,,,,,
Sööderdik,"Sördik (Gooshiirding, Wising), Sürdik (Kårhiirdinge)",,,Süderdeich,,,,,
Sööderiinje,"Söleraanj (fering), Süđerjen (sölring)",,,Süderende,,,,,
Flii,,,,Vlie,,,,,
e Wång,E Wong,,,Wange,,,,,
Wäieeker,,,,Wegacker,,,,,
,Weerstermjilenhüs,,,Westermühlenhaus,,,,,
Weestersil,,,,Westersiel,,,,,
,Wielbäire?,,,Wielberg,,Hvilbjerg,,,
Winert,,,,Windert,,,,,
Wruguurd,,,,Wraagaard,,Vrågård,,,
Wrääwsbel,,,,Wrewelsbüll,,,,,
,Uule Gaardingdik,,,Alt Gardingdeich,,,,,
Üüljdik,"Ualdik (Håtst), Uuldik (E houlme)",,,Altendeich,,,,,
,Borig,,,Alter Burgwall,,,,,
Arlou Slöös,Arluu Slüs,,,Aarlau Schleuse,,,,,
,Beerch,,,Bargum Barg,,,,,
,Bolingweerw,,,Bollingwarft,,,,,
Brünbärj,,,,Braunberg,,,,,
Bruwäi,,bruwänge,,Broweg,,,,,
e Borj,,,,Burg,,,,,
Deesbeldik,,,,Deezbüll Deich,,,,,
Deesbeljarn,,,,Deezbüll Eck,,,,,
,Diksheern,,,Deichshörn,,,,,
Dikhüsem,,,,Diekhusen,,,,,
,Dikjen-Deel,,,Dikjen-Deel,,,,,
Dingsbeldik,,,,Dingsbülldeich,,,,,
Triijarnsåk,Träihiirdsaaker,,,Dreihardereck (Dreiharde Eck),,,,,SSF Årbog 2012
,Träimeelne,,,Dreimühlen,,,,,
Draft,,,,Drift,,,,,
Gutskuuchdik,,,,Gotteskoogdeich,,,,,
,Gratdün (öömring),,,Großdüne,,,,,
Gräinhüs,,,,Grünhaus,,,,,
,Gräinheern,,,Grünhörn,,,,,
,Gräindeel,,,Grüntal,,,,,
,Haimöördik,,,Haimoordeich,,,,,
Hamborjer Dik,,,,Hamburger Deich,,,,,
Hemerdik,,,,Hemmerdeich,,,,,
Hiirnedik,,,,Herrendeich,,,,,
Huuchbrusil,,,,Hochbrücksiel,,,,,
Huuchtoorp,,,,Hochdorf,,,,,
,Huuchheern,,,Hochhörn (Eiderstedt),,,,,
,Bai e Hörn,,,Hochhörn (Wiedingharde),,,,,
,Holerem,,,Holerem,,,,,
Holbelhüs,,,,Hollbüllhuus,,,,,
,Hoolmer Sil,,,Holmer Siel,,,,,
,Hoierswort,,,Hoyerswort,,,,,
Huk,,,,Huck,,,,,
,de Heern,,,Hörn,,,,,
,Ingwersheern,,,Ingwershörn,,,,,
,Jokepsweerw?,,,Jacobswarft (wo?),,,,,
,Jükersmērsk,,,Jüggersmarsch,,,,,
,Kaamp,,,Kaamp,,,,,
,Kalfslün,,,Kalfslund,,,,,
,Koolnheern,,,Kaltenhörn,,,,,
,Kampheern,,,Kamphörn,,,,,
Kååtingsil,,,,Katingsiel,,,,,
,Koatshörn,,,Katzhörn,,,,,
,Klapholtdääl,,,Klappholttal,,,,,
,Klenterdeel,,,Klentertal,,,,,
Kleerenbel,,,,Klerenbüll,,,,,
,Klänt,,,Klint,,,,,
,Klänt,,,Klindt,,,,,
,Kloostermäldik,,,Klostermitteldeich,,,,,
,Knudsensweerw,,,Knutzenswarft (Eiderstedt),,,,,
Kooldoomerdik,,,,Kohldammerdeich,,,,,
Kiningseeker,,,,Königsacker,,,,,
Koorndik,,,,Korndeich,,,,,
Warkshuuchde,"Ranzelbärj, Wiarkshuuch, Wiarkshuuchde? (Wikipedia)",,,Rantzauhöhe,,,,,Erk Petersen
Lungendik,,,,Langedeich,,,,,
Ååsterhorningerfälj,Aasterhoorningerfäil,,,Oster-Langenhornfeld,,,,,
Weesterhorningerfälj,Weesterhoorningerfäil,,,Wester-Langenhornfeld,,,,,
Lungedik,,,,Langerdeich,,,,,
Lunhamfälj,,,,Lindholmfeld,,,,,
Lehiifälj,Lohiifäil,,,Loheiderfeld,,,,,
Jöömstfälj,Jöömstfeel,,,Löwenstedtfeld,,,,,
,Jöömstlün,,,Löwenstedtlund,,,,,
e Lün,,,,Lund (Bordelum),,,,,
,de Lün,,,Lund (Husum),,,,,
Latjenhornfälj,Letjenhoarnfäil,,,Lütjenhornfeld,,,,,
Latj Moor Sil,Läitj Möör Sil,,,Lüttmoorsiel,,,,,
Guulibärj,Guulibeerch,,,Margarethenberg,,,,,
Mariienkuuchsdik,,,,Marienkoogsdeich,,,,,
Mårkhüsinge,Moarkhüsinge,,,Markhäuser,,,,,
Mälstfälj,Mälstfeel,,,Mildstedtfeld,,,,,
Madfälj,Mädfäil,,,Mittelfeld,,,,,
Mänkebelfälj,Mönkebelfäil,,,Mönkebüllfeld,,,,,
Moordik,Måårdik,,,Moordeich (Bökingharde),,,,,
,Möördik,,,Moordeich (Eiderstedt),,,,,
Naidoom,,,,Neudamm,,,,,
,Naisjösbel Mädfäil,,,Neukirchen Mittelfeld,,,,,
,Naisjösbel Oasterfäil,,,Neukirchen Osterfeld,,,,,
,Naisjösbel Sörfäil,,,Neukirchen Südfeld,,,,,
,Naipepersmoark,,,Neupepersmark,,,,,
,Noorderräich,,,Norderreihe,,,,,
,Noordhörn,,,Nordhörn,,,,,
,Noordmoark,,,Nordmark,,,,,
,Noorstfeel,,,Norstedtfeld,,,,,
,Uurstfeel,,,Ohrstedtfeld,,,,,
,Åldropfeel,,,Olderupfeld,,,,,
,Aastenuufeel,,,Ostenaufeld,,,,,
,Aastenfäilfäil,,,Ostenfeldfeld,,,,,
,Uasterjen,,,Osterende (Sylt),,,,,
,Ååsterfeel,,,Osterfeld,,,,,
Ååsterhüsem,,,,Osterhusum,,,,,
Ååster Klångsbel,Oaster Klangsbel,,,Osterklanxbüll,,,,,
Weester Klångsbel,,,,Westerklanxbüll,,,,,
,Paiensmoark,,,Paysmark,,,,,
Poredik,,,,Porrendeich,,,,,
Råntremdik,Rånteremdik,,,Rantrumdeich,,,,,
Råntremfälj,Rånteremfeel,,,Rantrumfeld,,,,,
,Raiddik,,,Rethdeich,,,,,
,Riisbel,,,Riesbüll,,,,,
,Ränkeshörn,,,Rinkeshörn,,,,,
,Röömsfeel,,,Rödemisfeld,,,,,
,Ruudespiiker,,,Rothenspieker,,,,,
Seedlönj,,,,Saatland,,,,,
,Sounwäil,,,Sandwehle,,,,,
,Sounkrouch,,,Sandkrug,,,,,
,Schårdebelfäil,,,Schardebüllfeld,,,,,
,Schiisheern,,,Schiedhörn,,,,,
,Schööbelfeel,,,Schobüllfeld,,,,,
,Swiasingfeel,,,Schwesingfeld,,,,,
,Siiwung,,,Seewang,,,,,
,Siikbel,,,Siekbüll,,,,,
Siiwersbel,,,,Sieversbüll,,,,,
Siiwersfleet,,,,Sieversfleth,,,,,
Siiwertsborj,,,,Sievertsburg,,,,,
,Smeerkrouch,,,Smeerkroog,,,,,
,Såhulmfäil,,,Soholmfeld,,,,,
,Spongwäi,,,Spangweg,,,,,
,Spåårheern,,,Sparhörn,,,,,
Speekhüs,,,,Speckhaus,,,,,
Språkebelfälj,,,,Sprakebüllfeld,,,,,
Stååsemfälj,Stååremfälj,,,Stadumfeld,,,,,
,Strüklååningsheern,,,Struklahnungshörn,,,,,
,Süürhaud,,,Süderhöft,,,,,
,Sörhörn,,,Süderhörn (Wiedingharde),,,,,
,Sööderloun,,,Süderland,,,,,
Läigemfälj,,,,Süderlügumfeld,,,,,
,Süürmäärsch,,,Südermarsch,,,,,
,Süüdstruun,,,Südstrand,,,,,
,Iikstook,,,Eckstock,,,,,
,Eest,,,Ehst,,,,,
,Eestensil,,,Ehstensiel,,,,,
Älhoodfälj,,,,Ellhöftfeld,,,,,
,Ängelsborj,,,Engelsburg,,,,,
Tamensil,,,,Tammensiel,,,,,
,Tägelmoark,,,Teglmark,,,,,
,Tätwung,,,Tettwang,,,,,
,Toolentoorp,,,Tholendorf,,,,,
Ååster-Tili,,,,Oster-Tilli,,,,,
Weester-Tili,,,,Wester-Tilli,,,,,
Taningstääfälj,,,,Tinningstedtfeld,,,,,
,Trindermäärsch,,,Trendermarsch,,,,,
,Fjåålfeel,,,Viölfeld,,,,,
,Faalstfäil,,,Vollstedtfeld,,,,,
,e Wong,,,Wange,,,,,
,Wormheern,,,Warmhörn,,,,,
Weesterdik,,,,Westerdeich,,,,,
Weestrefälj,,,,Westrefeld,,,,,
,Winertfeel,,,Winnertfeld,,,,,
,Witlöön (Gooshiirdinge),,,Wittland,,,,,
,,,,,,,,,
,,,,,,,,,
,,,,,,,,,
Loonschape / Härtuchdoomer ...,,,,,,,,,
Ääderstää,,ääderstäänge,äärstäänge,Eiderstedt,,,,,
e gååst,,gååstmoon,,Die Geest,,,,,
e hii(s),,hii(s)moon,,Die Heide,,,,,
dåt Büterlönj,,,,Uthlande (Halligen und Inseln),,,,,"Frasch Uurdebök, Sjölin, Walker, Wilts"
Jütlönj,,,,Jütland,,,,,
Dithmjarsche?,,,,Dithmarschen,,,,,
Brandenburj,,brandenburjer,,Brandenburg,,,,,
Holönj,,,,Holland,,,,,
,,,,,,,,,
,,,,,,,,,
,,,,,,,,,
Wååder,,,,,,,,,
Weestsiie,,,,Nordsee,,,,,
Et heef,,,,Wattenmeer,,,,,
e (di) Iilew,di ial(e)w (halifreesk),,,"Elbe (Google Maps: der Jelf, Priel an der Kirchhofwarf auf Nordmarsch)",,,,,"Büten dik än banen dik, Nordfriisk Instituut, 1999"
Di Heege,,,,"Der Heeg (Google maps: der Hegd, ehemals großer Priel auf Nordmarsch bei Rixwarf)",,,,,
Weesterwäile,Wästerweel,,,Westerwehl (Butweel),,,,,
Ååsterwäile,Uusterweel,,,Osterwehl (Butweel),,,,,
Heewer Struum,,,,Heverstrom,,,,,
Norderheewer,,,,Norderheever,,,,,
Sööderheewer,,,,Süderheever,,,,,
Ääder,,,,Eider,,,,,
Treen(e),,,,Treene,Treen,Trenen,,,
Arlou?,Arluu,,,Arlau,,,,,
Oowentuft Siie,Oowentoft Säie,,,Aventofter See,,,,,
Üülj Tooch,Uuil Tooch (wisinge),,,Alter Sielzug,,,,,
Butslüütj,"Butsluut, Bopslüütj",,,Bottschlott,,,,,
,Diksluut,,,Deichschlott,,,,,
,Grote Riinsluuit,,,Großer Rienschlot,,,,,
,Huager Diip,,,Hoyer Tief,,Højer Dyb,,,
Hüsemer Ou?,Hüsemer Uu (Gooshiirdinge),,,Husumer Au,,,,,
,Lätje Uu,,,Kleine Au,,,,,
Leekinge Struum,Leeklinger Struum,,,Lecker Au,,Læk Å,,,
,Listlai (Sölring),,,Lister Ley,,,,,
Lister Diip,,,,Lister Tief,,,,,
,Näie Uu,,,Neue Au,,,,,
Naie Tooch,,,,Neuer Sielzug,,,,,
,Aastenuu,,,Ostenau,,,,,
Ååster Lai,"Uaster Lai, Årster Lai",,,Oster Ley,,,,,
,Pan'er Diip,,,Pander Tief,,,,,
,Romelgat,,,Rummelloch,,,,,
Rübel Siie,Rübel Säie,,,Ruttebüller See,,Rudbøl Sø,,,
Rübel Diip,,,,Ruttebüller Tief,,Rudbøl Dyb,,,
e Snärpe,,,,Schnerpe,,,,,
Såhoulm Ou?,"Såhulm Uu, di Strum",,,Soholmer Au,,,,,
Norderou,De Nuurder Ia (Öömring),,,Norderaue,,,,,
,De Söler Ia (Öömring),,,Süderaue,,,,,
Wiidou (?),Widuu,,,Wiedau,,,,,
Bongsiler Kanool,,,,Bongsieler Kanal,,,,,
Bünesguurdsiie,Boinjesguurdsäie,,,Bundesgaarder See,,,,,
,Gotskuuchsäie,,,Gotteskoogsee,,,,,
Iilew,Ialew (Öömrang),,,Elbe,Elv,Elben,,,
,Haaselün Uu,,,Haselund Au,,,,,
,Hjisbelsäie,,,Hesbüll Feld???,,,,,
,e Smeerle,,,Schmale,,,,,
,,,,,,,,,
,Uáá (Halunder),,uáástunger (Halunder),Oste (Nebenfluss der Elbe),,,,,"Hoekstra, US WURK LXIV (2015), Geographische Adjektive und Einwohnernamen im Nordfriesischen"
,Waiser (Halunder),,,Weser,,,,,
,,,,,,,,,
,,,,,,,,,
,,,,,,,,,
Stroote än weege,,,,,,,,,
Klänkerschasee,,,,Klinkerchaussee (Straße von Niebüll nach Dagebüll Hafen),,,,,
,,,,,,,,,
,,,,,,,,,
,,,,,,,,,
Oudere betiikninge,,,,,,,,,
Håli,,hålimoon,,Hallig,,,,,
bütenlönj,,büt(en)lönjinge?,,Ausland,,,,,
,,nordblinge,nordblinger,Leute aus den nördlichen Dörfern,,,,,"Hoekstra, US WURK LXIV (2015), Geographische Adjektive und Einwohnernamen im Nordfriesischen"
,,ååst(er)blinge,,Leute aus den östlichen Dörfern bzw. dem östlichen Teil des Dorfes,,,,,"Hoekstra, US WURK LXIV (2015), Geographische Adjektive und Einwohnernamen im Nordfriesischen"
,,weest(er)blinge,,Leute aus den westlichen Dörfern bzw. dem westlichen Teil des Dorfes,,,,,"Hoekstra, US WURK LXIV (2015), Geographische Adjektive und Einwohnernamen im Nordfriesischen"
,,sööd(er)blinge,söödblinger,Leute aus den südlichen Dörfern,,,,,"Hoekstra, US WURK LXIV (2015), Geographische Adjektive und Einwohnernamen im Nordfriesischen"
,,bütling,,Person die außerhalb des Dorfs wohnt,,,,,"Hoekstra, US WURK LXIV (2015), Geographische Adjektive und Einwohnernamen im Nordfriesischen"
,,,,,,,,,
,,,,,,,,,
,,,,,,,,,
Lönje,,,,,,,,,
Tjüschlönj,,tjüsch,,Deutschland,,,,,
et Dånsch / Dånmårk,,dånsch,,Dänemark,,,,,
et Ååstenrik,,,,Österreich,,,,,
e Naaserlönje,,,,Niederlande,,,,,
Änglönj,,änglisch,ängelsch,England,,,,,
Feriind Kiningrik,,,,Vereinigtes Königreich,,,,,
et Swärik,Sweeden,swänsch,sweedsch,Schweden,,,,,
Norwäi,Norweegen,norwäimoon,,Norwegen,,,,,"Marie Tånageberg 2021, Sååge än Tääle"
Ruslönj,,rusch,rusisch,Russland,,,,,
Gräinlönj,,,,Grönland,,,,,
Islönj,,,,Island,,,,,
Finlönj,,,,FInland,,,,,
,,,,,,,,,
,,,,,,,,,
,,,,,,,,,
Hålilönj,,,,,,,,,
,Bru,,,Helgoländer Felswatt,,,,,
,Nathuurnstak,,,Lange Anna,,,,,
,deät Meddellun,,,Mittelland,,,,,
,deät Bopperlun,,,Oberland,,,,,
,deät Deelerlun,,,Unterland,,,,,
,Siithoawen,,,Südhafen,,,,,